time,id,query,rank,sequence
0:00:00,2.9822E+15,[360安全卫士],8,3
0:00:00,7.59422E+15,[哄抢救灾物资],1,1
0:00:00,5.22806E+15,[75810部队],14,5
0:00:00,6.14046E+15,[绳艺],62,36
0:00:00,8.56137E+15,[汶川地震原因],3,2
0:00:00,2.39081E+16,[莫衷一是的意思],1,2
0:00:00,1.79794E+15,[星梦缘全集在线观看],8,5
0:00:00,7.17726E+14,[闪字吧],1,2
0:00:00,4.14162E+16,[霍震霆与朱玲玲照片],2,6
0:00:00,9.97567E+15,[电脑创业],2,2
0:00:00,2.16034E+16,[111aa图片],1,6
0:00:00,7.42387E+15,[豆腐的制成],3,13
0:00:00,6.16878E+14,[tudou.com+禁播电影],2,9
0:00:00,3.93337E+15,[最佳受孕时间],6,3
0:00:00,8.24239E+15,[捷克民歌土风舞++教案],2,3
0:00:00,8.2484E+15,[pdf],1,1
0:00:00,6.23973E+15,[喷嘭乐团lonely+day],7,9
0:00:00,6.55118E+15,[尼康相机报价],6,4
0:00:00,2.34516E+15,[哄抢救灾物资],2,1
0:00:00,6.47845E+15,[1000],4,1
0:00:00,2.34054E+16,[剑荡天下+++展鹏],4,5
0:00:00,2.34578E+16,[人妖],4,1
0:00:00,4.62522E+15,[印尼排华是怎么回事],2,6
0:00:00,4.87311E+16,[东莞市塘厦新泰塑胶五金厂],10,44
0:00:00,4.85308E+16,[胡其美],26,3
0:00:00,5.75066E+15,[女士找鸭子经历],3,2
0:00:00,1.15158E+16,[2008年运程],4,3
0:00:00,2.67063E+16,[芭蕾舞剧《天鹅湖》],5,6
0:00:00,1.53204E+15,[不锈钢],1,1
0:00:01,1.43622E+16,[明星合成],64,21
0:00:01,8.95884E+15,[骆冰下载],6,3
0:00:01,1.49181E+16,[欧洲冠军联赛决赛],4,1
0:00:01,1.53204E+15,[不锈钢],1,2
0:00:01,3.61501E+15,[18+girl+japan],4,15
0:00:01,8.76194E+15,[年轻人住房问题],11,7
0:00:01,7.99346E+15,[黑帮千金要结婚],7,2
0:00:01,7.94012E+15,[MD游戏下载],6,6
0:00:01,8.66575E+14,[印尼排华是怎么回事],8,2
0:00:01,4.63942E+16,[测出四川汶川地震],42,26
0:00:01,2.02516E+16,[彩信相册],2,1
0:00:01,5.38809E+15,[免费看三级图片],9,7
0:00:01,7.81232E+15,[link:jejie.cn],1,3
0:00:01,9.99805E+15,[sj+c中文首站],2,9
0:00:02,7.33233E+15,[女犯鞭刑],6,8
0:00:02,9.0262E+15,[scat],13,24
0:00:02,1.42121E+15,[健美],8,2
0:00:02,2.67175E+15,[哄抢救灾物资],2,5
0:00:02,2.18726E+15,[www.5252se.com],1,1
0:00:02,5.68788E+15,[对坚持科学发展观、构建和谐社会的认识],5,29
0:00:02,7.59496E+15,[蒙古国地图],2,2
0:00:02,9.76637E+15,[英语培训],1,1
0:00:02,6.25278E+15,[房价什么时间下调],1,5
0:00:02,7.13926E+15,[党宁的博客],5,4
0:00:02,8.18182E+15,[窗外],5,2
0:00:02,2.85562E+16,[2008年新兴行业],3,15
0:00:02,3.64808E+15,[耐克凉鞋],4,18
0:00:02,6.31758E+15,[哄抢救灾物资],1,1
0:00:02,1.73263E+16,[fucking],115,65
0:00:03,3.58043E+16,[免费取名],3,1
0:00:03,3.54947E+16,[哄抢救灾物资],2,3
0:00:03,7.32177E+15,[欧美金发女郎],2,4
0:00:03,4.30802E+16,[google],1,1
0:00:03,9.82681E+15,[欧美+模特],20,22
0:00:03,6.62561E+15,[哄抢救灾物资],1,1
0:00:03,7.9549E+15,[芜湖旅游],7,3
0:00:03,9.71783E+15,[奥运],7,3
0:00:03,6.24846E+15,[夏季服装如何搭配],3,1
0:00:03,7.16535E+15,[中文小说+武林萌主],20,24
0:00:03,2.15539E+15,[xingjiao姿势图片],1,4
0:00:03,9.51621E+15,[化妆培训班],1,1
0:00:03,3.15101E+15,[Norajo-Day+It+Take(Remix)],14,31
0:00:03,3.34451E+16,[绝世风尚],1,1
0:00:04,8.26823E+15,[莎朗斯通电影],12,4
0:00:04,2.53874E+16,[36XP],3,2
0:00:04,2.87961E+15,[韩国劲爆舞曲],2,3
0:00:04,5.98817E+14,[大鹏],2,2
0:00:04,6.94321E+15,[秦始皇陵墓],1,16
0:00:04,9.07686E+14,[金鳞MP3],5,2
0:00:04,5.54004E+14,[青海湖水怪],3,2
0:00:04,9.97567E+15,[电脑创业],3,3
0:00:04,9.80289E+14,[司莫司汀],2,3
0:00:04,1.32472E+16,[天涯社区+娱乐八卦],11,13
0:00:04,7.59422E+15,[哄抢救灾物资],3,2
0:00:04,4.14951E+16,[北京欢迎你mp4格式],10,8
0:00:04,3.7619E+14,[big+breast],3,3
0:00:04,9.21558E+15,[沈国放+间谍],2,17
0:00:04,1.97018E+16,[网游+妖狐传说],1,1
0:00:04,2.53118E+15,[什么时候台湾能归来],2,1
0:00:04,1.61211E+16,[辱华],2,4
0:00:05,5.62288E+15,[115ss],7,2
0:00:05,7.25622E+15,[雷锋论坛],5,3
0:00:05,4.59741E+15,[周迅李大齐合影],4,1
0:00:05,9.09752E+15,[哄抢救灾物资],1,1
0:00:05,7.58421E+15,[范冰冰涉黄成名录像],2,1
0:00:05,6.97583E+15,[少年英雄方世玉],3,2
0:00:05,7.04469E+15,[有声小说],10,8
0:00:05,1.59849E+16,[郝海东+杨钰莹],2,4
0:00:05,4.48019E+16,[兴义之窗],1,2
0:00:05,4.16417E+16,[汶川地震原因],7,1
0:00:05,6.18582E+15,[姚明年薪工资],4,1
0:00:05,6.93121E+15,[郎铮近况],31,23
0:00:05,5.88533E+15,[汶川地震原因+三峡],29,13
0:00:05,8.12963E+15,[印尼排华是怎么回事],2,1
0:00:05,1.65079E+14,[孔雀+电影下载],69,19
0:00:05,4.78083E+16,[1998年印尼排华事件],8,5
0:00:05,9.46424E+15,[哄抢救灾物资],1,5
0:00:05,9.46424E+15,[哄抢救灾物资],1,6
0:00:05,7.94333E+15,[nudetube],166,10
0:00:06,6.94244E+14,[沙漠夺宝],17,3
0:00:06,9.44195E+15,[韩国饰品],1,1
0:00:06,6.3624E+15,[www.yingyue98.com],2,1
0:00:06,5.67168E+15,[山寨手机],3,10
0:00:06,1.31331E+16,[谢霆锋谈王菲],1,2
0:00:06,2.46982E+16,[哄抢救灾物资],9,4
0:00:06,8.95884E+15,[骆冰下载],3,4
0:00:06,7.65232E+15,[45平米小户型装修],1,1
0:00:06,7.54036E+15,[塔沟武校],1,12
0:00:06,6.0904E+15,[高圆圆泳装图片],2,1
0:00:06,4.74537E+16,[08年手机市场分析],47,34
0:00:06,8.66005E+15,[资生堂护肤品],1,1
0:00:06,9.97567E+15,[电脑创业],4,4
0:00:06,4.91518E+16,[07年专科录取分数线],1,9
0:00:06,1.14747E+15,[5200主题],3,2
0:00:06,1.02374E+16,[莎朗斯通+免费电影],7,16
0:00:06,2.94061E+15,[余世存最新文章],7,1
0:00:06,2.00752E+16,[alysia+图],8,3
0:00:06,3.45619E+14,[地震前的汶川],2,3
0:00:06,5.54341E+15,[卷发虫],17,8
0:00:07,3.66962E+15,[英语],1,1
0:00:07,5.12444E+15,[空间代码],5,2
0:00:07,9.24474E+15,[遇到地震怎么办],2,5
0:00:07,3.72226E+16,[手表],4,2
0:00:07,9.7253E+15,[21军61师182团],2,7
0:00:07,2.62006E+16,[Whatever.lola.Wants],1,1
0:00:07,3.23436E+15,[北京办公家具],1,1
0:00:07,3.12663E+16,[CR的贝贝],2,3
0:00:07,5.57561E+15,[QQ空间代码怎么用],3,14
0:00:07,5.26953E+15,[太平间美丽女尸],12,12
0:00:07,1.59908E+16,[手机主题免费下载],5,2
0:00:07,7.21946E+15,[杜聿明看林彪与粟裕],1,11
0:00:07,8.70459E+13,[琴帝],1,2
0:00:07,1.85066E+16,[古典文学],3,3
0:00:07,4.45234E+15,[哄抢救灾物资],2,2
0:00:07,3.68188E+15,[杨丞琳辱华事件],3,4
0:00:07,4.62395E+16,[2009年考研大纲],1,1
0:00:07,3.95618E+14,[全国在逃通缉犯名单],2,5
0:00:07,6.06297E+15,[三国志10如何使用皇帝],3,7
0:00:07,1.94002E+16,[天津工业大学工程硕士招生],2,64
0:00:07,8.13831E+15,[辛亥革命论文],5,4
0:00:07,4.92925E+15,[网络电视免费],1,2
0:00:07,1.26782E+15,[电子书],1,1
0:00:07,1.87849E+16,[优酷网],5,1
0:00:07,7.35401E+15,[哄抢救灾物资],1,1
0:00:08,7.99794E+15,[张学友跟罗美薇],1,1
0:00:08,9.11324E+15,[安徽自学考试网],1,3
0:00:08,4.68672E+15,[哄抢救灾物资],1,1
0:00:08,8.76194E+15,[年轻人住房问题],18,8
0:00:08,5.67168E+15,[山寨手机],1,11
0:00:08,9.52857E+15,[广铁一中],1,1
0:00:08,2.53874E+16,[36XP],4,3
0:00:08,7.06712E+15,[如何清除sysloader],1,2
0:00:08,4.41963E+15,[神墓],2,3
0:00:08,4.75125E+15,[天水],1,1
0:00:08,1.49914E+15,[纳尼亚传奇2片尾曲下载],2,4
0:00:08,7.92854E+15,[封杀莎朗斯通],1,1
0:00:08,5.10144E+15,[姚明年薪工资],1,3
0:00:08,9.1871E+15,[哄抢救灾物资],1,4
0:00:08,8.08734E+15,[汶川地震原因],2,1
0:00:08,5.6421E+15,[唐山地震后],10,8
0:00:08,5.60084E+15,[最新ｄｊ舞曲],5,1
0:00:08,7.49734E+15,[马英九的政治主张],2,8
0:00:08,1.9824E+16,[抗震救灾晚会],8,17
0:00:08,6.15287E+13,[小飞狼弓弩],1,15
0:00:08,8.88069E+15,[av],12,5
0:00:08,5.42411E+15,[五子棋大师下载],3,9
0:00:08,3.54947E+16,[哄抢救灾物资],1,4
0:00:09,4.66133E+16,[林心如三级长片视频],1,10
0:00:09,5.14088E+15,[www.365dizhi.com],1,1
0:00:09,8.80911E+15,[长海医院+胰腺癌],3,5
0:00:09,5.45932E+15,[死去活来],7,2
0:00:09,1.52935E+16,[98+印尼+图片],3,3
0:00:09,7.15578E+15,[地震+烈度+震级],6,8
0:00:09,2.67175E+15,[哄抢救灾物资],3,6
0:00:09,4.66761E+15,[封杀莎朗斯通],1,18
0:00:09,3.73887E+16,[会计证考试成绩查询],3,8
0:00:09,2.18119E+16,[生男的受孕方法],8,3
0:00:09,3.91958E+16,[free+chinese+movie],5,3
0:00:09,2.89129E+15,[13867281133],1,4
0:00:09,1.65336E+16,[杨丞琳辱华惨痛下场],3,2
0:00:09,8.35301E+15,[骏捷+油耗],3,1
0:00:09,9.35816E+15,[avttt.com],1,3
0:00:09,6.9707E+15,[高成义+厦门],4,2
0:00:09,9.5858E+15,[伏明霞的孩子],1,1
0:00:10,2.41384E+16,[土豆网],3,8
0:00:10,3.15101E+15,[Norajo-Day+It+Take(Remix)],15,32
0:00:10,7.70734E+15,[主持人宁远照片],2,13
0:00:10,4.13071E+15,[武汉富士康],1,1
0:00:10,5.59565E+15,[刑名师爷],4,1
0:00:10,7.31833E+15,[学园+site:http://www.fs2you.com/zh-cn/],142,154
0:00:10,6.09716E+15,[汶川地震原因],5,2
0:00:10,5.21043E+15,[杨丞琳辱华惨痛下场],1,1
0:00:10,5.86175E+15,[高楼遇到地震怎么办],1,4
0:00:10,3.69173E+15,[哭泣的星空+MP3],1,1
0:00:10,9.71413E+14,[火炬传递路线时间],1,2
0:00:10,3.22496E+15,[凤泪蝶],1,1
0:00:10,8.9723E+15,[帝国时代4最新],7,8
0:00:10,5.65633E+15,[人蛇大战++下载],4,2
0:00:10,7.41609E+15,[哄抢救灾物资],2,1
0:00:10,8.56708E+15,[君越+报价],7,4
0:00:11,3.45447E+15,[汶川地震原因],9,9
0:00:11,3.36234E+14,[甜品店],3,3
0:00:11,8.89515E+15,[u.s.abeauty],10,5
0:00:11,4.63374E+15,[塑料眼镜盒],1,1
0:00:11,4.45234E+15,[哄抢救灾物资],1,3
0:00:11,8.24239E+15,[捷克民歌土风舞++教案],4,4
0:00:11,4.05762E+16,[木樨园],2,104
0:00:11,6.71272E+15,[汶川地震原因],1,1
0:00:11,1.63312E+16,[宜昌哪里有小混混],1,1
0:00:11,2.36521E+15,[世界火山分布在哪里],1,1
0:00:11,6.85645E+15,[东阿实验高中],119,34
0:00:11,1.94002E+16,[天津工业大学\],1,65
0:00:11,7.85317E+15,[万杰质子],1,1
0:00:11,7.85317E+15,[万杰质子],1,2
0:00:12,2.87113E+16,[宋明+高洁+高芳],2,5
0:00:12,6.69778E+15,[一汽捷达柴油轿车],9,4
0:00:12,8.23521E+15,[勾践卧心尝胆],3,3
0:00:12,8.16208E+15,[海军副司令受贿生活],4,4
0:00:12,5.55349E+15,[海尔+对讲机],1,6
0:00:12,5.06852E+15,[哄抢救灾物资],1,1
0:00:12,7.33358E+13,[北京收养孤儿+登记],17,19
0:00:12,4.02752E+16,[颈部淋巴结肿大],15,10
0:00:12,9.00656E+14,[杨丞琳辱华惨痛下场],3,2
0:00:12,7.09323E+15,[海尔集团工业区的地址],2,3
0:00:12,8.30261E+15,[瑞星个人防火墙2008下载版（免费半年）],7,1
0:00:12,5.43987E+15,[思域+价格],4,2
0:00:12,8.93888E+15,[连胜文+蔡依珊],3,2
0:00:12,9.98288E+15,[制丸机],4,3
0:00:13,9.61388E+15,[搜狐],3,1
0:00:13,2.87113E+16,[宋明+高洁+高芳],1,6
0:00:13,6.5017E+15,[电视剧笨小孩下载],13,7
0:00:13,2.93458E+16,[书连],1,1
0:00:13,1.14064E+16,[收养],3,2
0:00:13,5.89813E+15,[汶川地震原因],1,2
0:00:13,2.93458E+16,[书连],1,2
0:00:13,3.94302E+15,[花野真衣+bt],28,10
0:00:13,2.97982E+16,[福克斯+降价],1,1
0:00:13,2.21886E+16,[柏芝未化妆照],3,7
0:00:13,6.66264E+14,[92装甲输送车],4,4
0:00:13,2.123E+16,[姚明暴打科比],1,1
0:00:13,4.41628E+16,[女王养奴],4,1
0:00:13,8.55136E+15,[徐子淇与李家诚婚礼],1,1
0:00:13,7.08184E+15,[20岁用的卡尼尔眼霜],2,85
0:00:14,2.0041E+15,[速腾的首保时间],1,1
0:00:14,7.08184E+15,[20岁用的卡尼尔眼霜],2,86
0:00:14,6.29549E+15,[吕继宏的歌],11,7
0:00:14,5.08106E+14,[封杀莎朗斯通],1,1
0:00:14,2.38633E+16,[节约用纸],9,10
0:00:14,9.73257E+14,[汤芳],9,2
0:00:14,9.99805E+15,[sj+c中文首站],3,10
0:00:14,1.14905E+16,[来电通],2,1
0:00:14,5.74973E+15,[ATI+RADEON+XPRESS+200+Series],47,21
0:00:14,1.97202E+16,[哄抢救灾物资],1,1
0:00:14,2.20584E+15,[洛浦秋枫],2,1
0:00:14,2.03031E+15,[绵阳九院],5,5
0:00:14,2.40846E+16,[www.555ty.com],208,55
0:00:14,1.32333E+16,[汶川地震原因],1,1
0:00:14,7.25855E+15,[清朝努尔哈赤],19,25
0:00:14,8.22069E+15,[木板加工厂],2,17
0:00:14,1.63458E+16,[谁是莎朗.斯通],1,2
0:00:14,8.95884E+15,[骆冰下载],2,5
0:00:14,2.10713E+16,[如何避孕],4,3
0:00:14,2.18119E+16,[生男的受孕方法],10,4
0:00:14,9.41822E+15,[特种部队的大跳],4,3
0:00:15,7.65054E+15,[儿童孤独症的治疗],2,1
0:00:15,5.87005E+15,[les限制级小说],10,9
0:00:15,1.45897E+16,[aebn],26,9
0:00:15,9.077E+15,[印尼排华是怎么回事],2,2
0:00:15,1.75604E+16,[空调什么牌子好],4,22
0:00:15,1.61211E+16,[辱华],5,5
0:00:15,1.7141E+16,[相马西],1,6
0:00:15,5.56672E+15,[莎朗斯通+免费电影],8,5
0:00:15,9.97567E+15,[电脑创业],8,5
0:00:15,1.48131E+16,[电视],2,2
0:00:15,1.52935E+16,[98+印尼+图片],4,4
0:00:15,5.26953E+15,[太平间美丽女尸],14,13
0:00:15,8.4489E+15,[pchy视频],16,76
0:00:15,6.12371E+14,[工商银行个人网站],10,5
0:00:15,4.93008E+15,[莎朗斯通事件],6,8
0:00:15,2.94194E+16,[音乐],1,1
0:00:15,1.52417E+16,[2229+-+烈火英雄：皇家空军传奇],7,30
0:00:15,3.74821E+15,[辣妹贴图],7,4
0:00:16,6.51568E+15,[甘肃],2,2
0:00:16,1.12015E+16,[地震之前有什么前兆],1,1
0:00:16,7.22189E+15,[最佳受孕时间],4,1
0:00:16,2.85786E+15,[姚明暴打科比],3,2
0:00:16,4.79426E+16,[吉林市九中],1,4
0:00:16,4.96033E+14,[哄抢救灾物资],1,1
0:00:16,2.89728E+15,[哄抢救灾物资],3,2
0:00:16,7.81911E+14,[王子鹏],7,1
0:00:16,3.65755E+14,[好听的歌],2,1
0:00:16,2.34054E+16,[剑荡天下+++展鹏],5,6
0:00:16,4.11087E+15,[辞职报告怎么写],1,1
0:00:16,6.51759E+15,[isndntio],15,11
0:00:16,4.13789E+16,[朝鲜叛逃人员],8,9
0:00:16,3.09384E+15,[433H和433F的区别],1,59
0:00:16,8.28064E+15,[刘嘉玲黑社会],4,8
0:00:16,1.23781E+16,[杰克奥特曼全集视频],9,13
0:00:16,8.51595E+15,[什么是权证],6,41
0:00:16,2.01473E+16,[婉君],19,9
0:00:17,1.88925E+15,[什么是指数基金],1001,1
0:00:17,6.39624E+15,[忧伤的旋律+陈飞彤],2,1
0:00:17,3.34781E+15,[土匪对女战俘暴行],4,35
0:00:17,7.64232E+15,[谷歌卫星地图中文版],3,5
0:00:17,5.83487E+15,[朱时茂赵本山],1,1
0:00:17,3.84901E+16,[photoshopcs3苹果下载],3,7
0:00:17,2.53481E+15,[林彪事件完整调查],4,3
0:00:17,1.81019E+15,[美人风姿],5,1
0:00:17,9.24848E+15,[石家庄市华医医学院],10,1
0:00:17,6.57263E+15,[xiao77],8,2
0:00:17,8.66005E+15,[资生堂护肤品],3,2
0:00:17,9.21563E+15,[百度mp],1,1
0:00:17,7.01649E+15,[彭丽媛缺席春晚],1,10
0:00:17,8.03225E+15,[女],33,6
0:00:17,6.6818E+15,[视频],6,1
0:00:17,6.23227E+15,[免费三级电影在线观看],2,50
0:00:17,2.07306E+15,[玫瑰花皮肤代码],3,4
0:00:17,1.85066E+16,[古典文学],4,4
0:00:17,4.08649E+15,[卫生装备研究所],45,11
0:00:17,3.15101E+15,[Norajo-Day+It+Take(Remix)],16,33
0:00:17,2.98262E+16,[测试你的心理年龄],4,2
0:00:17,5.60615E+14,[gay],79,15
0:00:17,6.57313E+15,[科比81分视频],1,1
0:00:18,3.61623E+16,[CS游戏下载],2,19
0:00:18,6.63239E+15,[杨丞琳辱华惨痛下场],1,1
0:00:18,3.16395E+15,[软件],1001,1
0:00:18,4.38883E+16,[蒙古国回归],8,4
0:00:18,3.61501E+15,[japan18+movie],2,17
0:00:18,3.50073E+16,[招商银行信用卡],4,5
0:00:18,7.88567E+15,[成都建筑抗震],4,7
0:00:18,3.16398E+15,[单机游戏卡丁车免费下载],4,1
0:00:18,5.94357E+16,[将大为歌曲],4,5
0:00:18,1.4377E+16,[www.yahoo.com.cn],1,4
0:00:18,5.69976E+15,[哄抢救灾物资],1,1
0:00:18,5.65439E+15,[福特福克斯两厢改装],1,1
0:00:18,7.90073E+15,[博堕天录],14,10
0:00:18,2.88588E+15,[苏家屯机车厂],11,13
0:00:18,5.6597E+14,[徐敖],64,13
0:00:18,4.68651E+16,[中级会计师任职年限],3,5
0:00:18,5.26953E+15,[太平间美丽女尸],15,14
0:00:18,3.88275E+16,[xiao77],9,3
0:00:19,6.79558E+15,[连胜文+蔡依珊],1,1
0:00:19,8.26013E+14,[杨丞琳辱华惨痛下场],1,9
0:00:19,5.78391E+15,[汶川地震原因],1,1
0:00:19,1.46547E+16,[彭丽媛近况],14,24
0:00:19,9.43272E+14,[变装],1,1
0:00:19,8.26747E+15,[全国在逃通缉犯名单],4,2
0:00:19,7.86445E+15,[张国荣跳楼现场组图],4,1
0:00:19,5.97423E+15,[经典手机短信],4,26
0:00:19,8.34685E+15,[五种好命女面相],10,7
0:00:19,8.45609E+15,[张学友专辑],1,2
0:00:19,9.67597E+15,[汶川地震原因],4,1
0:00:19,9.61231E+15,[打孔],1,1
0:00:19,9.61231E+15,[打孔],1,2
0:00:19,1.36418E+16,[纳粹军妓之魔域逃生],9,85
0:00:19,1.55289E+16,[血腥车祸现场图片],8,7
0:00:19,8.26594E+15,[sm],882,40
0:00:19,5.4151E+15,[名石],1,1
0:00:19,3.44953E+16,[许戈辉结婚照],2,1
0:00:19,5.8684E+14,[阿婆的故事+mp3],6,9
0:00:19,2.56487E+15,[蜜汁+完美],2,1
0:00:19,9.3359E+15,[地震现场照片],8,7
0:00:19,2.46982E+16,[哄抢救灾物资],4,5
0:00:19,8.63091E+15,[珠海健康中心],4,10
0:00:19,2.53104E+16,[何鸿+生平],1,1
0:00:19,3.46949E+16,[谷歌地球卫星地图],2,1
0:00:20,9.99467E+15,[高级妓女],5,215
0:00:20,6.68149E+14,[哄抢救灾物资],2,1
0:00:20,4.17435E+15,[科比81分视频],3,5
0:00:20,4.11516E+15,[家庭大夫],1,1
0:00:20,6.83386E+15,[三国之见龙卸甲影片],8,1
0:00:20,1.44257E+16,[www.hntz.net],2,1
0:00:20,1.14064E+16,[收养],1,3
0:00:20,7.9298E+13,[胡锦涛+简历],1,1
0:00:20,2.64792E+16,[王宁宁],2,49
0:00:20,1.66231E+16,[家法藤条惩罚少爷],10,17
0:00:20,2.03328E+16,[seqing],2,1
0:00:20,1.03249E+16,[王震在新疆如何杀人],1,5
0:00:20,9.65757E+15,[封杀莎朗斯通],6,2
0:00:20,1.83183E+16,[qq斗地主],8,3
0:00:20,2.1485E+16,[悍马的样子是什么],1,1
0:00:20,1.15158E+16,[最新2008年运程],4,4
0:00:20,2.85121E+15,[travian],1,4
0:00:20,2.51653E+14,[全国在逃通缉犯名单],2,3
0:00:21,1.61978E+16,[2008高考理综模拟试卷],22,70
0:00:21,3.88165E+15,[出逃的公主],1,2
0:00:21,3.24336E+15,[bbdarin+peerless+―],3,2
0:00:21,9.41165E+15,[华国峰同志逝世],3,3
0:00:21,9.18637E+15,[北京昌平大学城],7,21
0:00:21,4.23716E+15,[蒿俊闵+搜狐博客],1,1
0:00:21,3.61501E+15,[japan18+movie],3,18
0:00:21,3.2688E+15,[凤凰传奇视频下载],1,18
0:00:21,1.66231E+16,[家法藤条惩罚少爷],10,18
0:00:21,1.81019E+15,[美人风姿],6,2
0:00:21,8.97016E+15,[桂林游船是传销吗],21,10
0:00:21,9.0262E+15,[scat],12,25
0:00:21,9.98634E+15,[医学全在线],2,1
0:00:21,7.29008E+15,[基金的收益怎么算],2,8
0:00:21,9.23336E+15,[那英与高峰的婚礼],1,3
0:00:21,1.59908E+16,[手机主题免费下载],7,3
0:00:21,5.56672E+15,[莎朗斯通+免费电影],8,6
0:00:21,4.54509E+16,[范美忠简历],1,2
0:00:21,8.36813E+15,[波西米亚],4,1
0:00:22,2.46954E+15,[欧美bt],2,2
0:00:22,8.83689E+15,[普京第一保镖],8,5
0:00:22,5.5378E+15,[h],5,1
0:00:22,9.31823E+15,[泰国男模tony图片],4,25
0:00:22,3.94149E+15,[放羊的星星],3,3
0:00:22,7.99346E+15,[黑帮千金要结婚],9,3
0:00:22,6.29769E+15,[突然头晕想吐],1,6
0:00:22,9.60041E+15,[双安商场],1,5
0:00:22,5.08106E+14,[封杀莎朗斯通],1,2
0:00:22,6.92953E+15,[蒙古国地图],2,2
0:00:22,8.12221E+15,[市场营销+案例],12,11
0:00:22,8.95161E+15,[意外伤害怎样赔偿],1,1
0:00:22,5.46326E+15,[投注],1,6
0:00:22,2.92403E+16,[封杀莎朗斯通],1,1
0:00:22,8.939E+15,[汽车],1,1
0:00:22,9.97567E+15,[电脑创业],9,6
0:00:22,9.077E+15,[印尼排华是怎么回事],4,3
0:00:22,6.57522E+15,[户口改名限制+16岁],10,3
0:00:22,6.70044E+15,[林心如a级长片下载],15,20
0:00:22,4.61483E+15,[51号兵站在线观看],4,4
0:00:22,7.49473E+14,[女王男奴],15,4
0:00:22,6.20848E+15,[哄抢救灾物资],2,2
0:00:22,2.73194E+15,[汶川地震原因],2,1
0:00:22,8.2287E+14,[劲舞团4.0免费外挂],1,3
0:00:23,7.25058E+15,[什么食物会危害大脑],1,4
0:00:23,5.57561E+15,[QQ空间代码怎么用],3,15
0:00:23,4.06338E+15,[师级编制],16,9
0:00:23,3.90669E+15,[阮晔],9,4
0:00:23,7.60638E+15,[哄抢救灾物资],3,1
0:00:23,2.44983E+16,[龚树耀],7,3
0:00:23,9.70049E+15,[如何让头发快速长长],1,11
0:00:23,9.44606E+15,[范跑跑],7,3
0:00:23,6.75003E+14,[高清晰卫星地图],4,4
0:00:23,1.95658E+15,[汶川地震原因],2,1
0:00:23,7.02263E+15,[123],1,1
0:00:23,4.44278E+14,[汶川地震原因],3,2
0:00:23,6.84739E+15,[悍马+越野车],9,1
0:00:23,7.49714E+15,[查询北京时间],1,1
0:00:23,9.50907E+15,[姚明拒绝赵蕊蕊],1,2
0:00:23,2.70557E+15,[开车什么速度换档合适],4,12
0:00:23,4.35176E+16,[伊波拉病毒],3,4
0:00:23,6.27958E+15,[世界火山分布在哪里],3,4
0:00:24,4.63942E+16,[测出四川汶川地震],45,27
0:00:24,1.4766E+16,[起点中文],1,7
0:00:24,3.15101E+15,[Norajo-Day+It+Take(Remix)],17,34
0:00:24,2.41384E+16,[土豆网],1,9
0:00:24,1.8626E+16,[电影],1,5
0:00:24,5.38265E+15,[遇到地震怎么办],1,1
0:00:24,6.94453E+15,[哄抢救灾物资],1,1
0:00:24,1.52417E+16,[2229+-+烈火英雄：皇家空军传奇],8,31
0:00:24,7.6863E+15,[おかえり],4,1
0:00:24,3.16355E+15,[get+in+her+ass],9,7
0:00:24,2.16001E+16,[抗冰抢险],8,1
0:00:24,8.03027E+15,[传奇私服],1,14
0:00:24,8.12221E+15,[市场营销+案例],11,12
0:00:24,8.4489E+15,[pchy视频],20,77
0:00:25,4.16847E+16,[汶川地震原因],2,2
0:00:25,2.08891E+16,[柏芝未化妆照],1,1
0:00:25,5.86844E+15,[倪萍的几次婚姻],4,47
0:00:25,2.93046E+15,[部首],2,1
0:00:25,8.2975E+15,[莎朗斯通+本能],10,12
0:00:25,3.80745E+16,[杨丞琳辱华惨痛下场],3,1
0:00:25,5.31704E+15,[中医治疗近视眼],1,26
0:00:25,4.0266E+16,[汶川地震原因],4,2
0:00:25,1.32472E+16,[天涯社区+娱乐八卦],12,14
0:00:25,1.36418E+16,[纳粹军妓之魔域逃生],10,86
0:00:25,5.42411E+15,[五子棋大师下载],6,10
0:00:25,8.63091E+15,[珠海健康中心],5,11
0:00:25,2.67907E+16,[e话通下载],4,13
0:00:25,8.94142E+15,[www.icbc.com.cn],1,15
0:00:26,3.27327E+15,[迅雷],1,1
0:00:26,2.266E+16,[杰西达邦综艺],4,2
0:00:26,9.03475E+15,[封杀莎朗斯通],1,1
0:00:26,6.86525E+15,[汶川+地震+自然+影响],5,18
0:00:26,2.95135E+15,[山东平度],5,5
0:00:26,9.97567E+15,[电脑创业],10,7
0:00:26,1.09172E+16,[三星奥运直板手机],9,17
0:00:26,8.8261E+15,[张东健整容前照片],1,6
0:00:26,9.0172E+15,[北京故事],91,13
0:00:26,2.52635E+16,[汶川地震原因],1,4
0:00:26,6.93121E+15,[郎铮近况],33,24
0:00:26,5.29209E+15,[军事院校录取分数线],2,4
0:00:26,1.9546E+16,[女同片],8,12
0:00:26,5.97423E+15,[经典手机短信],6,27
0:00:26,6.51759E+15,[isndntio],16,12
0:00:27,8.22069E+15,[木板加工厂],2,18
0:00:27,3.2688E+15,[凤凰传奇视频下载],4,19
0:00:27,8.93888E+15,[连胜文+蔡依珊],6,3
0:00:27,5.70681E+15,[后弦真名],1,2
0:00:27,5.15966E+14,[08年最新qq空间皮肤],2,8
0:00:27,8.38172E+15,[哄抢救灾物资],2,2
0:00:27,8.57072E+15,[新疆奇人艾米尔],22,21
0:00:27,7.54098E+13,[哪个品牌的漏电断路器好],11,6
0:00:27,2.65615E+16,[汶川地震原因],4,2
0:00:27,3.90605E+15,[哄抢救灾物资],2,2
0:00:27,1.4377E+16,[www.yahoo.com.cn],1,5
0:00:28,3.54947E+16,[哄抢救灾物资],1,5
0:00:28,1.14758E+16,[旋涡泵价格],1,1
0:00:28,4.75571E+15,[端午],2,2
0:00:28,5.06535E+15,[关于萨达姆],1,1
0:00:28,4.5124E+15,[小儿发热怎么办],3,2
0:00:28,6.88879E+15,[汶川地震原因],1,2
0:00:28,3.36234E+14,[甜品店],4,4
0:00:28,2.32968E+16,[遇到地震怎么办],1,12
0:00:28,1.30697E+16,[site:fs2you.com+清代官员履历档案全编],1,1
0:00:28,5.2993E+15,[看穿人心],10,9
0:00:28,4.55258E+16,[北京房价暴跌],2,5
0:00:28,1.43861E+16,[PSP游戏《怪物猎人2G》中文版下载],2,1
0:00:28,2.09103E+15,[stockings+pics],10,9
0:00:28,1.59908E+16,[手机主题免费下载],10,4
0:00:28,2.34054E+16,[剑荡天下+++展鹏],7,7
0:00:29,4.15791E+16,[google地球软件下载],12,7
0:00:29,8.87247E+15,[朝鲜能不能打败韩国],2,1
0:00:29,7.14832E+15,[救灾帐篷],4,7
0:00:29,8.28064E+15,[刘嘉玲黑社会],7,9
0:00:29,5.5378E+15,[h],4,2
0:00:29,5.20005E+15,[典心],3,18
0:00:29,4.55362E+15,[8岁儿童心理],69,26
0:00:29,3.31056E+16,[young+girl],2,6
0:00:29,9.73257E+14,[汤芳],9,3
0:00:29,4.61483E+15,[51号兵站在线观看],9,5
0:00:29,3.02651E+15,[吕秀莲到大陆],6,1
0:00:29,7.85061E+14,[DXXDXX],1,1
0:00:29,9.73257E+14,[汤芳],9,4
0:00:29,5.06852E+15,[哄抢救灾物资],2,2
0:00:29,3.94983E+15,[old+woman],1,20
0:00:29,7.1925E+14,[七界传说],1,1
0:00:29,3.50583E+16,[刘滨],2,1
0:00:29,5.75066E+15,[女士找鸭子经历],4,3
0:00:29,7.29235E+14,[魏宝凤],2,2
0:00:30,9.4442E+15,[最新免费QQ空间皮肤代码],13,15
0:00:30,4.14951E+16,[北京欢迎你mp4格式],2,9
0:00:30,9.31823E+15,[泰国男模tony图片],6,26
0:00:30,4.12531E+16,[语文课堂教学实录],7,9
0:00:30,7.27712E+15,[黄鹤影院],2,5
0:00:30,7.63341E+15,[97sese],1,1
0:00:30,7.71336E+15,[郭瑞霞魏丽惠],6,7
0:00:30,1.54729E+16,[生死不离+成龙],6,5
0:00:30,3.90319E+15,[艾弗森转会火箭],2,2
0:00:30,1.61211E+16,[辱华],8,6
0:00:30,6.50816E+15,[big+boob],8,8
0:00:30,7.94333E+15,[nudetube],167,11
0:00:30,7.82459E+15,[断肠红歌仔戏],76,6
0:00:30,6.40466E+15,[主持人沈冰],3,4
0:00:30,7.04469E+15,[有声小说下载],1,11
0:00:30,3.15101E+15,[Norajo-Day+It+Take(Remix)],18,35
0:00:30,6.70071E+15,[北京+初中+西城+排名],5,2
0:00:30,5.38633E+15,[*.huang+zhan+图],4,2
0:00:30,4.62395E+16,[2008年考研大纲],2,2
0:00:30,6.72836E+14,[韩国时尚女装],2,6
0:00:31,2.53118E+15,[什么时候台湾能归来],5,2
0:00:31,4.13808E+15,[97瑟瑟],3,1
0:00:31,9.41822E+15,[特种部队的大跳],5,4
0:00:31,2.08668E+16,[麦迪格眼镜],1,2
0:00:31,4.35176E+16,[伊波拉病毒],4,5
0:00:31,1.43861E+16,[PSP游戏《怪物猎人2G》中文版下载],3,2
0:00:31,6.74797E+15,[韩国首都为什么改名],1,1
0:00:31,5.54012E+15,[感恩的心+试听],4,1
0:00:31,9.87472E+15,[小马过河的博客],5,5
0:00:31,3.97855E+15,[3.44x33.com/],1,1
0:00:31,6.34544E+15,[李成儒+离婚],1,1
0:00:31,5.27553E+15,[华国峰同志逝世],6,1
0:00:31,3.94983E+15,[old+woman],3,21
0:00:31,1.91863E+16,[张雅],5,5
0:00:31,6.00945E+15,[缅甸第三特区],9,13
0:00:31,9.47281E+15,[软件],6,12
0:00:32,9.31141E+15,[哄抢救灾物资],2,1
0:00:32,3.69173E+15,[哭泣的星空+MP3],2,2
0:00:32,4.03205E+16,[杨丞琳辱华事件],1,1
0:00:32,8.56137E+15,[哄抢救灾物资],1,3
0:00:32,1.41279E+14,[网站建设],1,1
0:00:32,5.65139E+16,[黎姿],2,1
0:00:32,2.69737E+14,[itfm],2,11
0:00:32,3.93694E+14,[奥运圣火河南路线],1,3
0:00:32,9.99467E+15,[高级妓女],6,216
0:00:32,7.95437E+15,[台湾空军叛逃大陆],6,4
0:00:32,2.89698E+15,[荔枝核深加工],4,4
0:00:33,4.18007E+16,[月见草油],7,13
0:00:33,2.69985E+15,[见过这样的另类吗],9,1
0:00:33,1.29319E+16,[美军审讯越南女战俘],15,59
0:00:33,4.5548E+15,[宁王府],1,4
0:00:33,9.92137E+15,[尺寸链],12,55
0:00:33,1.43861E+16,[PSP游戏《怪物猎人2G》中文版下载],1,3
0:00:33,9.70049E+15,[如何让头发快速长长],2,12
0:00:33,6.24203E+15,[扫地车报价],19,40
0:00:33,8.48059E+15,[科比81分视频],1,1
0:00:33,9.37826E+15,[隆武帝],120,46
0:00:33,8.93341E+15,[沈国放间谍事件],1,9
0:00:33,4.85308E+16,[胡其美],27,4
0:00:33,2.82508E+16,[命名],10,7
0:00:33,2.10712E+16,[莎朗斯通],3,6
0:00:33,9.58636E+15,[学有所教、劳有所得、老有所养、病有所医、住有所居],1,5
0:00:34,2.19978E+15,[如何下载56视频],1,1
0:00:34,8.79363E+14,[儿童的年龄是多大],3,2
0:00:34,4.98481E+16,[彭丽媛简历],1,3
0:00:34,8.66575E+14,[98印尼排华事件图片],1,4
0:00:34,1.2378E+16,[奋斗],2,1
0:00:34,3.60907E+15,[莎朗斯通事件],4,7
0:00:34,1.03653E+16,[蒙古国石油工程税收政策],1,13
0:00:34,4.22024E+16,[好想回家+介绍],1,3
0:00:34,6.14046E+15,[绳艺],80,38
0:00:34,2.28657E+16,[热舞],3,2
0:00:34,3.79568E+16,[a片3在线看],1,2
0:00:34,1.9824E+16,[抗震救灾晚会],10,18
0:00:34,1.36896E+15,[99bb],1,1
0:00:34,1.74055E+16,[南台缘],3,6
0:00:34,6.92618E+14,[冲洗鼻咽的洗鼻器如何用],5,2
0:00:34,2.51239E+15,[拳皇2003隐藏人物],3,21
0:00:34,9.0262E+15,[scat],16,26
0:00:34,1.66231E+16,[家法藤条惩罚少爷],9,19
0:00:34,3.716E+16,[2008年南京市中考化学模拟试卷及答案],9,1
0:00:34,7.16825E+15,[论文书写格式],5,5
0:00:34,2.35501E+16,[俄罗斯政变普京辞职],1,3
0:00:35,5.1746E+15,[哄抢救灾物资],4,2
0:00:35,3.54523E+16,[pertmaster],26,9
0:00:35,8.26594E+15,[sm],881,41
0:00:35,4.4483E+16,[汶川地震原因],2,3
0:00:35,7.18456E+14,[苏-27是怎样的],1,1
0:00:35,6.16878E+14,[tudou.com+禁播电影],6,10
0:00:35,4.76729E+16,[c1驾驶证能开什么车],1,1
0:00:35,1.87606E+16,[龙腾宇内],2,2
0:00:35,5.58951E+15,[艾弗森转会火箭],1,1
0:00:35,1.66231E+16,[家法藤条惩罚少爷],9,20
0:00:35,4.26004E+15,[rbd],3,2
0:00:35,6.93966E+15,[77图片欣赏],4,3
0:00:35,1.55917E+16,[警察学校全集],1,4
0:00:35,9.27486E+15,[汶川地震原因],2,1
0:00:35,8.30263E+15,[什么是巡航导弹],4,2
0:00:35,4.48946E+15,[自荐书封面],10,5
0:00:35,3.18176E+16,[家教],1,1
0:00:35,2.84565E+15,[莎朗斯通电影全集],3,2
0:00:35,3.18176E+16,[家教],1,2
0:00:36,2.2001E+16,[武汉同济医院],3,9
0:00:36,3.29368E+16,[印尼排华是怎么回事],2,1
0:00:36,8.24919E+15,[红警2下载],4,5
0:00:36,8.24919E+15,[红警2下载],4,6
0:00:36,1.21302E+16,[汶川地震原因],2,1
0:00:36,5.1678E+15,[mimi女警地狱],4,4
0:00:36,5.77345E+15,[周润发电影全集],3,4
0:00:36,1.15158E+16,[最新2008年运程],5,5
0:00:36,6.53062E+15,[汶川地震原因],1,1
0:00:36,6.22934E+15,[三国战纪3游戏下载],8,6
0:00:36,3.08677E+14,[psp模拟器],14,13
0:00:36,5.26953E+15,[太平间美丽女尸],19,15
0:00:36,6.26158E+15,[印尼暴徒残害华人视频],3,32
0:00:36,8.82088E+15,[唐山黑恶势力],1,1
0:00:36,6.56778E+15,[马英九当选总统承诺],2,3
0:00:36,2.03031E+15,[绵阳九院],6,6
0:00:36,7.64122E+15,[耐磨地面],1,1
0:00:37,2.65616E+16,[影视歌曲mv],1,3
0:00:37,7.81952E+15,[坐脸窒息],60,29
0:00:37,6.29585E+14,[winrar下载],1,1
0:00:37,4.94515E+15,[哄抢救灾物资],1,1
0:00:37,4.62522E+15,[印尼排华是怎么回事],5,7
0:00:37,6.25552E+15,[安全标示],1,1
0:00:37,6.57522E+15,[户口改名限制+16岁],4,4
0:00:37,7.49179E+14,[13721983665],1,1
0:00:37,8.9726E+15,[西陆社区],10,98
0:00:37,2.37008E+15,[美的电磁炉ep208],2,2
0:00:37,8.05357E+15,[乙醇燃料],10,1
0:00:38,5.65139E+16,[黎姿],4,2
0:00:38,1.32255E+16,[小额贴息贷款是否征收营业税],9,15
0:00:38,6.9369E+15,[朝鲜能不能打败韩国],1,6
0:00:38,2.09103E+15,[stockings+pics],12,11
0:00:38,4.2459E+15,[王菲Don+t+break+my+hear],1,1
0:00:38,6.0942E+15,[3p小说],8,3
0:00:39,5.56672E+15,[莎朗斯通+免费电影],8,7
0:00:39,1.18509E+16,[rape],15,4
0:00:39,3.43547E+16,[蒙古国地图],2,7
0:00:39,5.05083E+15,[张春桥+韩先楚],189,40
0:00:39,4.29204E+15,[冰室+陈慧琳],1,5
0:00:39,4.96033E+14,[哄抢救灾物资],2,2
0:00:39,8.14667E+15,[51.com],1,1
0:00:39,3.24336E+15,[bbdarin+peerless+―],1,3
0:00:39,2.14138E+16,[蒿俊闵+搜狐博客],1,1
0:00:39,3.70386E+15,[庆六一优惠童装],10,2
0:00:39,5.05783E+15,[董方卓是什么人],1,1
0:00:39,3.64818E+16,[陈希同+政治],2,68
0:00:39,4.8053E+15,[空调价格查询],2,6
0:00:39,4.9494E+16,[醪糟鱼片],8,18
0:00:39,1.94002E+16,[天津科技大学工程硕士招生],5,66
0:00:40,4.66057E+15,[无国界浏览器8.8],4,6
0:00:40,2.88162E+15,[gay],4,1
0:00:40,7.50205E+15,[天籁+价格],4,1
0:00:40,2.19978E+15,[如何下载56视频],4,2
0:00:40,6.85749E+15,[王近山将军的子女现状],18,11
0:00:40,3.36821E+14,[吕秀莲到大陆],4,11
0:00:40,7.76064E+14,[轩逸怎么样],6,4
0:00:40,8.86923E+15,[word+Canvas],1,2
0:00:40,6.43494E+15,[三国之温侯再生],1,8
0:00:40,2.13688E+15,[谁是莎朗.斯通],2,1
0:00:40,1.63458E+16,[谁是莎朗.斯通],2,3
0:00:40,6.14367E+15,[澳门购物],1,1
0:00:40,2.16986E+16,[月经不调的症状],2,7
0:00:40,7.1925E+14,[七界传说],10,2
0:00:40,1.86527E+16,[资本公积金],1,1
0:00:40,1.45897E+16,[aebn],27,10
0:00:40,9.72779E+15,[民族宗教问题],20,10
0:00:41,4.97219E+16,[金鹏手机s2199],3,3
0:00:41,4.25128E+16,[死神],9,11
0:00:41,5.58395E+15,[少年阿宾系列],1,4
0:00:41,3.67747E+16,[皮肤暗黄保养],2,2
0:00:41,2.02778E+16,[纳瓦荷语],1,2
0:00:41,4.12531E+16,[语文课堂教学实录],9,10
0:00:41,2.40855E+16,[武林启示录],1,36
0:00:41,6.39011E+15,[莎朗斯通],10,1
0:00:41,5.96628E+15,[孟买旅游],103,31
0:00:41,3.58036E+16,[福娃名字],5,5
0:00:41,7.09805E+15,[9aiyy],2,1
0:00:41,5.87005E+15,[les限制级小说],21,12
0:00:41,4.02513E+16,[schoolgirl],11,9
0:00:41,3.02201E+16,[公安部通缉令名单],4,1
0:00:41,4.88417E+16,[大兴采摘],1,1
0:00:41,5.6098E+15,[汶川地震原因],1,1
0:00:41,5.69976E+15,[哄抢救灾物资],2,2
0:00:41,3.25711E+16,[08nbl双星男篮],2,1
0:00:42,6.84993E+15,[哄抢救灾物资],2,1
0:00:42,4.53595E+15,[透视时装],1,2
0:00:42,2.20706E+16,[蒙古国何时建立的],8,16
0:00:42,4.99602E+15,[BAIDU],2,1
0:00:42,8.974E+14,[生活小窍门],1,2
0:00:42,2.51774E+15,[封杀莎朗斯通],4,3
0:00:42,4.68672E+15,[哄抢救灾物资],4,2
0:00:42,9.92137E+15,[尺寸链],15,56
0:00:42,3.49621E+16,[www.queen8.com],1,3
0:00:42,6.18651E+15,[都市百美录],9,34
0:00:42,8.64996E+15,[000839],2,1
0:00:42,1.61719E+15,[增加姻缘],7,2
0:00:42,2.93046E+15,[部首],4,2
0:00:42,8.22381E+15,[www.djbcxx.com],1,1
0:00:42,6.85645E+15,[东阿实验高中],165,36
0:00:43,3.69173E+15,[哭泣的星空+MP3],4,3
0:00:43,5.61471E+15,[WWW.99WYT.COM],1,1
0:00:43,4.53226E+16,[廖学兵],9,3
0:00:43,6.56527E+15,[李咏],9,11
0:00:43,4.62522E+15,[印尼排华是怎么回事],4,8
0:00:43,9.38518E+15,[广发聚丰+净值],1,36
0:00:43,8.70935E+15,[哈尔滨SM用品],1,69
0:00:43,8.79859E+15,[理查・基尔],3,3
0:00:43,5.88337E+15,[胎儿入盆后多久出生],4,5
0:00:43,1.76114E+15,[百度],1,1
0:00:43,9.49931E+15,[苏有朋谈赵薇视频],10,10
0:00:43,8.42832E+15,[李永波+龚智超],1,21
0:00:43,5.6597E+14,[徐敖],72,15
0:00:43,6.04411E+14,[暴力摩托],1,1
0:00:43,9.93698E+15,[欢欢文苑],1,1
0:00:43,1.82374E+16,[莎朗斯通+本能],9,3
0:00:43,7.90598E+15,[百度],1,1
0:00:43,6.25552E+15,[安全标示],2,2
0:00:43,1.6909E+16,[地震现场照片],1,1
0:00:43,3.43351E+16,[qiqqqiqq.blog.sohu.com],1,1
0:00:43,4.30456E+15,[红军长征的历史意义],3,1
0:00:43,4.92596E+16,[卢同挥],58,12
0:00:43,1.11064E+16,[哄抢救灾物资],2,2
0:00:43,6.90632E+15,[个人网站],14,14
0:00:44,2.87367E+16,[麦考林],1,1
0:00:44,2.205E+15,[汶川谣],2,6
0:00:44,3.38975E+15,[蒙古国维吾尔人],4,9
0:00:44,7.69982E+15,[避孕环的放置位置],1,5
0:00:44,8.22282E+15,[菅野梨沙],40,18
0:00:44,6.25266E+15,[汶川地震原因],2,1
0:00:44,8.71639E+15,[yearn铃声],1,3
0:00:44,4.89497E+15,[汶川地震原因],4,2
0:00:44,8.20592E+15,[哄抢救灾物资],2,2
0:00:44,5.26953E+15,[太平间美丽女尸],20,16
0:00:44,9.31459E+15,[铸剑物语2全攻略],1,8
0:00:44,6.25266E+15,[汶川地震原因],2,2
0:00:44,2.38993E+15,[解放军高级将领名单],1,1
0:00:44,3.96891E+16,[夏季服装如何搭配],1,1
0:00:44,8.12963E+15,[印尼雅加达],1,1
0:00:44,1.21302E+16,[汶川地震原因],4,2
0:00:45,8.56954E+14,[美容培训学校],1,1
0:00:45,4.24726E+15,[欧美孕妇16p],42,66
0:00:45,6.70695E+15,[火箭何时vs湖人啊],3,5
0:00:45,4.05298E+16,[王石地震捐款],7,12
0:00:45,6.60308E+15,[隐窝窝娱乐网],9,21
0:00:45,4.06338E+15,[师级编制],17,10
0:00:45,6.06292E+15,[偏偏喜欢你国语],23,4
0:00:45,1.02307E+16,[崔立如年龄],2,8
0:00:45,1.21302E+16,[汶川地震原因],4,3
0:00:45,1.64368E+15,[玉带桥],1,1
0:00:45,3.60553E+16,[诺基亚N81免费软件下载],3,8
0:00:45,5.98364E+15,[美丽俏佳人],5,2
0:00:45,8.28064E+15,[刘嘉玲黑社会],9,10
0:00:45,4.01381E+15,[吕秀莲到大陆],6,1
0:00:45,5.48312E+16,[js.ct.10000.com.],3,2
0:00:45,9.87472E+15,[小马过河的博客],7,6
0:00:45,3.72927E+15,[优酷],2,2
0:00:45,3.20667E+16,[奇瑞+新车],2,2
0:00:45,4.37175E+15,[书画故事传说],2,4
0:00:45,5.53672E+15,[谢霆锋+结婚],2,1
0:00:45,4.8822E+16,[xiaoshuo],3,1
0:00:45,2.27313E+15,[q米],2,1
0:00:45,5.8684E+14,[阿婆的故事+mp3],10,10
0:00:45,2.13186E+16,[最终幻想X+2+Stay+MP3下载],5,5
0:00:46,2.37008E+15,[美的电磁炉ep208],3,3
0:00:46,3.86142E+15,[印尼排华是怎么回事],1,1
0:00:46,3.65569E+16,[莎朗斯通代言],18,11
0:00:46,6.05442E+15,[山P],10,1
0:00:46,2.08069E+15,[王震杀新疆人],3,3
0:00:46,6.59993E+15,[资生堂护肤品],25,4
0:00:46,8.03585E+15,[近期余地震],4,47
0:00:46,3.29368E+16,[印尼排华是怎么回事],3,2
0:00:46,4.61483E+15,[51号兵站在线观看],10,6
0:00:46,2.16986E+16,[月经不调的症状],3,8
0:00:46,5.25121E+15,[3dsite],3,5
0:00:46,7.41314E+15,[郭晶晶泳装图片],6,5
0:00:46,8.72969E+15,[散仙闭关],1,1
0:00:46,8.37583E+15,[刘汉希望小学],20,5
0:00:46,4.96453E+15,[xiao+77文学欣赏],16,135
0:00:47,3.56951E+16,[百事高音乐论坛],1,1
0:00:47,1.21004E+16,[美容],1,1
0:00:47,3.47774E+16,[圣安地列斯秘籍],5,4
0:00:47,8.13729E+15,[东台市时堰中学],2,21
0:00:47,5.40378E+15,[军区参谋长是什么军衔],2,3
0:00:47,2.0041E+15,[速腾的首保时间],2,2
0:00:47,2.19757E+15,[玛斯特沙发],1,1
0:00:47,3.46949E+16,[谷歌地球卫星地图],1,2
0:00:47,7.98112E+15,[澳大利亚巴拉瑞特大学],13,25
0:00:47,8.55301E+15,[五月天+sqwyt图片],41,17
0:00:47,5.56672E+15,[莎朗斯通+免费电影],10,8
0:00:47,5.54289E+15,[soso],1,1
0:00:47,1.41873E+16,[首饰盒],1,1
0:00:47,4.3832E+16,[杨丞琳辱国],5,4
0:00:47,4.02017E+16,[妞妞基地],14,4
0:00:47,7.23012E+15,[少年阿宾全集在线看],13,13
0:00:47,7.02546E+15,[百度],3,25
0:00:47,8.44067E+15,[梁羽生],1,3
0:00:47,1.18509E+16,[rape],18,5
0:00:47,2.84565E+15,[莎朗斯通电影全集],1,3
0:00:47,9.54506E+15,[龙卷风+歌词],3,1
0:00:48,2.95135E+15,[山东平度],3,6
0:00:48,3.75037E+15,[赵薇不敢公开的照片],4,2
0:00:48,1.73263E+16,[fucking],146,69
0:00:48,7.5345E+15,[印尼残害女华人],2,2
0:00:48,1.51438E+15,[莎朗斯通],24,9
0:00:48,5.15966E+14,[08年最新qq空间皮肤],7,9
0:00:48,2.70186E+15,[怎样避孕最安全],1,1
0:00:48,5.45434E+15,[杨丞琳辱华事件],4,8
0:00:48,4.95835E+15,[谢霆锋谈王菲],4,7
0:00:48,7.41609E+15,[哄抢救灾物资],7,2
0:00:48,2.26755E+15,[冰颜+莫颜],3,1
0:00:48,4.41209E+16,[陈炜],1,2
0:00:48,3.68122E+16,[倩女幽魂],5,2
0:00:48,3.79568E+16,[a片3在线看],5,3
0:00:48,6.46233E+15,[哄抢救灾物资],1,1
0:00:48,2.22981E+16,[汶川地震原因],3,2
0:00:48,5.74674E+15,[汶川地震原因],1,4
0:00:48,5.87005E+15,[les限制级小说],22,13
0:00:48,2.7937E+16,[谷歌卫星地图中文版],2,2
0:00:48,6.33057E+15,[郭晶晶比基尼泳装],4,4
0:00:48,7.27636E+15,[夜晚文化晚会主持稿],26,36
0:00:48,7.87154E+15,[北京何凤慈],12,49
0:00:48,7.90098E+15,[遥远的救世主],1,1
0:00:48,2.92145E+15,[印尼残害女华人+图片],7,51
0:00:48,9.41431E+15,[嘟嘟魔域],8,1
0:00:48,3.613E+16,[vagaa],8,1
0:00:48,9.7362E+15,[莎朗斯通],19,5
0:00:49,7.73857E+15,[感冒的圣诞节],1,1
0:00:49,9.20996E+15,[郭德纲最新相声],1,1
0:00:49,9.07026E+15,[2008年美元存款利率查询],4,15
0:00:49,1.98446E+16,[刘德华新歌],2,1
0:00:49,7.41314E+15,[郭晶晶泳装图片],7,6
0:00:49,6.25332E+15,[印尼排华是怎么回事],1,1
0:00:49,1.64368E+15,[玉带桥],2,2
0:00:49,1.41833E+16,[封杀莎朗斯通],10,4
0:00:49,6.07684E+15,[如梦绳艺文章],9,58
0:00:49,9.52857E+15,[广铁一中],1,2
0:00:49,7.40511E+15,[烂眼角],6,1
0:00:49,2.45801E+15,[11sss.com],1,1
0:00:49,9.82681E+15,[欧美+模特],29,24
0:00:49,4.93948E+14,[为什么会有火山],4,1
0:00:49,7.18782E+15,[淑女连衣裙],4,5
0:00:49,8.71639E+15,[yearn铃声],2,4
0:00:49,6.70071E+15,[北京+初中+西城+排名],9,3
0:00:49,5.68788E+15,[对坚持科学发展观、构建和谐社会的认识],7,30
0:00:50,4.48782E+15,[中粮屯河],10,2
0:00:50,2.71914E+15,[240*320何炅壁纸],3,1
0:00:50,4.27135E+15,[山东彩票],2,2
0:00:50,1.49374E+16,[电影],1,2
0:00:50,4.08063E+16,[北京时间英语怎么说],2,1
0:00:50,9.87472E+15,[小马过河的博客],8,7
0:00:50,7.05879E+15,[尾行3存档],3,5
0:00:50,1.14175E+16,[08年属马的运势],4,3
0:00:50,2.69985E+15,[见过这样的另类吗],5,2
0:00:50,7.92627E+15,[唐山地震],713,54
0:00:50,6.27958E+15,[世界火山分布在哪里],6,5
0:00:50,5.89813E+15,[哄抢救灾物资],1,3
0:00:50,1.66231E+16,[家法藤条惩罚少爷],11,23
0:00:50,5.55349E+15,[对讲机俱乐部],1,7
0:00:50,8.03015E+15,[资深律师],1,1
0:00:50,4.95591E+15,[水浒那些事儿],7,6
0:00:50,4.6856E+15,[汶川地震原因],11,6
0:00:50,9.21558E+15,[沈国放+间谍],6,18
0:00:50,6.34544E+15,[李成儒+离婚],2,2
0:00:50,2.74387E+16,[诺基亚手机主题下载],8,1
0:00:50,5.2993E+15,[看穿人心],16,11
0:00:51,6.78413E+15,[汶川地震原因],1,1
0:00:51,4.94828E+15,[新结婚时代],2,1
0:00:51,5.02932E+15,[海军副司令受贿生活],9,2
0:00:51,4.02752E+16,[颈部淋巴结肿大],16,11
0:00:51,1.97224E+16,[肠胃与皮炎],3,3
0:00:51,8.50566E+15,[东武仕水库怎么走],4,14
0:00:51,1.66231E+16,[家法藤条惩罚少爷],11,24
0:00:51,8.87247E+15,[朝鲜能不能打败韩国],6,2
0:00:51,9.31141E+15,[哄抢救灾物资],3,2
0:00:51,7.80139E+15,[谷歌地球卫星地图],8,2
0:00:51,2.94017E+16,[美国ufo档案外星人],2,2
0:00:51,8.66575E+14,[98印尼排华事件图片],2,5
0:00:51,2.27776E+15,[四川地图冰岛],2,2
0:00:51,5.6597E+14,[徐敖],77,16
0:00:52,7.49161E+15,[功夫之王视频播放],24,12
0:00:52,4.62522E+15,[印尼排华是怎么回事],3,9
0:00:52,8.30597E+15,[万科财务分析报告],2,1
0:00:52,4.44278E+14,[汶川地震原因],2,3
0:00:52,6.83626E+15,[哄抢救灾物资],3,2
0:00:52,9.39103E+15,[徐娜],9,4
0:00:52,3.64818E+16,[陈希同+政治],4,69
0:00:52,1.12062E+16,[佛山钟胜辉],2,4
0:00:52,8.88688E+15,[六一短信],3,1
0:00:52,7.2257E+15,[徐子淇面相],4,3
0:00:52,4.95591E+15,[水浒那些事儿],8,7
0:00:52,8.28289E+15,[莎朗斯通+本能],4,16
0:00:52,3.45619E+14,[地震前的汶川],1,4
0:00:52,9.58836E+15,[陈锡联下台],13,4
0:00:52,9.50098E+15,[汶川地震原因],1,3
0:00:52,8.66135E+15,[建设雅马哈],1,1
0:00:52,4.0445E+15,[男同志视频],7,3
0:00:52,2.21332E+16,[赵汉善],8,1
0:00:52,7.85061E+14,[DXXDXX],4,2
0:00:53,7.77789E+15,[天文与地震],6,1
0:00:53,3.2688E+15,[凤凰传奇视频],12,22
0:00:53,1.48484E+16,[财运最旺星座],2,2
0:00:53,3.88165E+15,[出逃的公主],5,3
0:00:53,2.58758E+16,[手机号查询],2,1
0:00:53,7.86871E+15,[朝鲜能不能打败韩国],1,1
0:00:53,7.69246E+14,[蒙古国何时建立的],1,2
0:00:53,2.21886E+16,[柏芝未化妆照],4,8
0:00:53,4.30617E+15,[杨丞琳辱华事件],1,1
0:00:53,3.72326E+16,[汶川地震原因],2,1
0:00:53,7.54098E+13,[哪个品牌的漏电断路器好],15,7
0:00:53,8.43376E+15,[yamada+ryosuke+图],1,1
0:00:53,7.26672E+15,[百度],3,3
0:00:53,7.32502E+15,[现役解放军中将名单],9,18
0:00:53,6.56778E+15,[马英九当选总统承诺],4,4
0:00:53,2.88053E+15,[哄抢救灾物资],1,1
0:00:53,6.09828E+15,[哄抢救灾物资],2,1
0:00:53,9.60041E+15,[北京双安商场网站],1,7
0:00:53,1.6909E+16,[地震现场照片],2,2
0:00:53,4.18007E+16,[月见草油],8,14
0:00:53,7.71336E+15,[郭瑞霞魏丽惠],7,8
0:00:54,3.79817E+16,[送女孩子的礼物],8,3
0:00:54,2.84821E+15,[传奇X],9,43
0:00:54,6.12963E+15,[何谓堰塞湖],1,1
0:00:54,6.27108E+15,[四川余震什么时候+停],9,7
0:00:54,2.72452E+15,[汶川地震原因],4,1
0:00:54,6.35395E+15,[不明飞行物ufo图片],9,4
0:00:54,1.0329E+16,[美丽人声+Celtic+Woman],2,4
0:00:54,2.88588E+15,[苏家屯机车厂],16,14
0:00:54,2.42454E+15,[凤凰网],1,2
0:00:55,7.41314E+15,[郭晶晶泳装图片],9,7
0:00:55,3.94509E+16,[姚明十佳球],1,1
0:00:55,5.40472E+15,[久嗨音乐网],1,2
0:00:55,1.31825E+16,[哄抢救灾物资],1,1
0:00:55,4.25128E+16,[死神专辑],2,12
0:00:55,5.43706E+15,[食品产业],4,1
0:00:55,6.09498E+15,[陈赓大将子女们],2,3
0:00:55,6.15287E+13,[军用弓弩],3,17
0:00:55,4.37681E+16,[汉旺小学],6,4
0:00:55,8.82313E+15,[刘德华新歌],1,3
0:00:55,6.25473E+15,[800万元的加长悍马],1,1
0:00:55,2.16001E+16,[抗冰抢险],6,2
0:00:55,9.1913E+15,[银海一号],2,6
0:00:55,4.97219E+16,[金鹏手机s2199],4,4
0:00:55,8.71639E+15,[yearn铃声],3,5
0:00:55,5.98472E+15,[1秒等于多少毫秒],1,3
0:00:56,1.41854E+16,[搜狐彩电],3,1
0:00:56,7.3612E+14,[封杀莎朗斯通],1,1
0:00:56,7.09805E+15,[9aiyy],5,2
0:00:56,2.51239E+15,[拳皇2003人物出招表],1,23
0:00:56,4.69186E+15,[朝鲜能不能打败韩国],2,1
0:00:56,7.27636E+15,[夜晚文化晚会主持稿],30,37
0:00:56,3.74821E+15,[酷哥辣妹两相好],1,6
0:00:56,4.99045E+15,[吉利汽车新车标],3,1
0:00:56,1.7141E+16,[相马西],2,7
0:00:56,6.33851E+15,[奥特曼],1,2
0:00:57,6.19798E+15,[浙江医学高等专科学校历年分数线],5,6
0:00:57,1.05137E+16,[好b],1,1
0:00:57,4.4483E+16,[汶川地震原因],3,4
0:00:57,4.0445E+15,[男同志视频],8,4
0:00:57,1.75604E+16,[空调什么牌子好],5,23
0:00:57,8.23521E+15,[勾践卧心尝胆],4,4
0:00:57,2.41592E+16,[google地图中文版],2,1
0:00:57,3.4744E+16,[封杀莎朗斯通],1,8
0:00:57,5.61471E+15,[WWW.99WYT.COM],1,2
0:00:57,8.24791E+15,[辽宁女张雅视频],12,16
0:00:57,2.93848E+15,[如何去角质],4,2
0:00:58,9.10795E+15,[psp死神5],2,1
0:00:58,4.63942E+16,[测出四川汶川地震],48,28
0:00:58,8.04525E+15,[别克君越好吗],4,1
0:00:58,3.86162E+15,[现代周公解梦],2,2
0:00:58,3.39251E+15,[死神H图],67,32
0:00:58,7.17499E+14,[离开+黄婉婷+的歌词],1,1
0:00:58,5.12869E+15,[杨家将],1,1
0:00:58,7.18903E+15,[朝鲜能不能打败韩国],3,3
0:00:58,9.41822E+15,[特种部队的大跳],8,5
0:00:58,2.38908E+16,[燃气灶能效标志],2,1
0:00:58,6.60596E+15,[hp4vc],93,36
0:00:58,5.73162E+15,[dan+seng+pian],6,1
0:00:59,7.67765E+15,[黄石的孩子下载],1,4
0:00:59,9.87472E+15,[小马过河的博客],11,9
0:00:59,3.09384E+15,[433H和433F的区别],6,60
0:00:59,3.10592E+15,[哄抢救灾物资],3,3
0:00:59,6.0942E+15,[3p],3,4
0:00:59,4.39695E+15,[对讲机],1,1
0:00:59,4.8479E+15,[汶川地震原因],2,1
0:00:59,8.56987E+15,[短头发发型],5,1
0:00:59,2.87961E+15,[韩国劲爆舞曲],2,4
0:00:59,6.52876E+15,[董卿+档案],1,1
0:00:59,6.66264E+14,[独立团],1,5
0:00:59,8.67486E+15,[乌巢],2,1
0:00:59,8.56993E+15,[花园小学],1,1
0:00:59,2.73194E+15,[汶川地震原因],7,2
0:00:59,9.25095E+15,[霓虹灯],1,1
0:00:59,7.90732E+15,[莎朗.斯通与泰森],1,1
0:00:59,2.83923E+16,[印尼排华是怎么回事],1,1
0:00:59,9.25095E+15,[霓虹灯],1,2
0:01:00,2.02778E+16,[纳瓦荷语],2,3
0:01:00,9.93522E+15,[朱德的子女],3,1
0:01:00,4.21439E+15,[展会信息],2,13
0:01:00,7.52506E+15,[邓超,孙俪],1
0:01:00,5.94357E+16,[将大为歌曲],2,8
0:01:00,5.07095E+15,[家法+罚跪],3,3
0:01:00,2.78839E+14,[淘宝修真记],5,1
0:01:00,2.06992E+16,[汶川地震原因],5,5
0:01:00,7.16535E+15,[中文小说+武林萌主],26,26
0:01:00,3.81815E+15,[哄抢救灾物资],1,1
0:01:00,3.85617E+15,[皮肤病],1,1
0:01:00,5.05783E+15,[董方卓是什么人],2,2
0:01:00,8.1051E+15,[吕秀莲到大陆],2,1
0:01:00,4.39708E+15,[芜湖搜房网],2,4
0:01:00,2.27313E+15,[q米],3,2
0:01:00,6.19671E+15,[花花公子女郎taylor+图],1,1
0:01:00,4.85308E+16,[胡其美],45,7
0:01:00,8.06471E+15,[公务员工资改革方案],7,1
0:01:00,9.60357E+15,[携程旅行],2,3
0:01:00,1.65336E+16,[杨丞琳辱华惨痛下场],6,3
0:01:00,5.92633E+15,[软件胡雪梅],63,36
0:01:00,6.04274E+15,[丝路传说],3,1
0:01:00,9.0262E+15,[scat],17,27
0:01:00,1.98446E+16,[刘德华新歌],3,2
0:01:00,4.57288E+16,[吴尊+档案],7,4
0:01:00,2.53118E+15,[什么时候台湾能归来],5,3
0:01:00,1.36418E+16,[纳粹军妓之魔域逃生],11,88
0:01:00,2.69014E+15,[露jiji],1,25
0:01:00,4.67351E+15,[哄抢救灾物资],1,1
0:01:00,7.03645E+15,[如何生男孩],1,13
0:01:01,4.13071E+15,[武汉天河机场],2,2
0:01:01,9.07734E+15,[清华大学BBS],1,2
0:01:01,7.09785E+15,[电影+素女心经],1,12
0:01:01,8.99655E+14,[投资通],7,3
0:01:01,6.84396E+15,[www.cao45.com],1,1
0:01:01,7.60191E+15,[布林线参数设置],1,17
0:01:01,6.75003E+14,[高清晰卫星地图],6,5
0:01:01,6.43768E+15,[哄抢救灾物资],1,1
0:01:01,7.81684E+15,[女尸图片网],6,61
0:01:01,4.66057E+15,[无国界浏览器8.8],4,7
0:01:01,1.90271E+14,[厕奴],5,1
0:01:01,1.3477E+15,[婚纱照的电子相册软件],3,24
0:01:01,4.66057E+15,[无国界浏览器8.8],4,8
0:01:01,1.0695E+16,[地球、太阳和月亮连成一条],2,1
0:01:01,8.03585E+15,[近期余地震],8,48
0:01:01,1.03249E+16,[王震在新疆如何杀人],2,6
0:01:02,1.59111E+16,[阿里不达年代记],8,1
0:01:02,2.28016E+15,[飞儿乐团+photo],1,4
0:01:02,5.81434E+15,[百度],1,2
0:01:02,1.49374E+16,[电影],2,3
0:01:02,2.03719E+16,[打针视频],1,6
0:01:02,3.20667E+16,[409个车型油耗公布],1,3
0:01:02,4.55362E+15,[儿童心理教育],3,29
0:01:02,1.78791E+15,[赵小蝶],5,1
0:01:02,7.26672E+15,[百度],9,4
0:01:02,7.69982E+15,[避孕环的放置位置],6,6
0:01:02,8.09903E+14,[巴基斯坦地图],1,1
0:01:02,6.34047E+15,[唐钰阿奴],28,17
0:01:02,9.249E+15,[网站登陆],16,2
0:01:02,4.70961E+16,[哄抢救灾物资],5,3
0:01:03,2.94807E+16,[遇到地震怎么办],1,1
0:01:03,1.42121E+15,[大斌健美网],9,4
0:01:03,1.14684E+16,[汶川地震原因],1,1
0:01:03,6.24203E+15,[扫地车报价],30,42
0:01:03,3.18685E+16,[普利斯通轮胎],5,3
0:01:03,7.98598E+15,[登录网站],6,1
0:01:03,1.92439E+16,[印尼排华是怎么回事],2,1
0:01:03,7.32502E+15,[现役解放军中将名单],10,19
0:01:03,1.34636E+16,[三国群英传+OL大宛马],1,1
0:01:03,4.38325E+14,[试驾奥迪a6l2.4],1,1
0:01:03,1.9824E+16,[2008抗震救灾晚会],1,20
0:01:04,2.09171E+15,[qq空间快乐留言代码],3,8
0:01:04,3.88275E+16,[xiao77],37,7
0:01:04,5.89813E+15,[哄抢救灾物资],2,4
0:01:04,7.01181E+15,[汶川县漩口镇],11,3
0:01:04,2.74387E+16,[诺基亚手机主题下载],7,2
0:01:04,5.41654E+15,[赣州旅游宾馆住宿],48,14
0:01:04,2.40855E+16,[武林启示录+金铃],1,38
0:01:04,8.46807E+15,[哄抢救灾物资],9,4
0:01:04,3.69173E+15,[哭泣的星空+MP3],8,4
0:01:04,4.72525E+16,[舒淇3级片观看],4,2
0:01:04,8.94142E+15,[www.icbc.com.cn],1,16
0:01:04,2.68547E+16,[小刚的绝活],1,6
0:01:04,2.13617E+15,[印尼残害女华人+图片],12,34
0:01:04,2.67326E+16,[莎朗斯通+本能],4,1
0:01:05,3.61185E+16,[沈阳锅炉],7,1
0:01:05,1.80337E+14,"[www,22uo]",1,1
0:01:05,4.84329E+15,[奔驰新c级],7,7
0:01:05,3.21503E+15,[全国在逃通缉犯名单],2,5
0:01:05,5.92743E+15,[羊城暗哨，视频],1,1
0:01:05,2.92264E+15,[德阳市委领导名单],14,5
0:01:05,9.06474E+15,[大航海时代4++李华梅++详细],31,17
0:01:05,4.24726E+15,[欧美孕妇16p],41,67
0:01:05,4.44892E+15,[央视女记者徐娜],4,5
0:01:05,2.57546E+16,[望乡],2,1
0:01:05,9.84456E+15,[仙剑奇侠传主题曲],7,3
0:01:05,4.52188E+16,[VISTA+PPstream],7,4
0:01:05,5.86175E+15,[高楼遇到地震怎么办],7,5
0:01:05,4.00093E+14,[张筱雨],1,4
0:01:05,6.3764E+15,[朝鲜能不能打败韩国],1,1
0:01:06,7.57339E+15,[远程入侵网吧主机注册机],2,1
0:01:06,2.51653E+14,[全国在逃通缉犯名单],1,4
0:01:06,4.93703E+15,[唐家山堰塞湖图],1,3
0:01:06,7.90073E+15,[博堕天录],15,11
0:01:06,5.62072E+15,[李堂堂],2,48
0:01:06,1.01758E+16,[HTC+Wi-Fi+EDGE],13,10
0:01:06,8.67312E+15,[林青霞近照],1,1
0:01:06,5.61231E+15,[杨思敏电影观看],7,18
0:01:06,3.97855E+15,[3.44x33.com/],1,2
0:01:06,3.91013E+15,[宋承宪喜欢郑多彬],1,1
0:01:06,7.90801E+15,[眼镜的保险绳],8,10
0:01:06,7.27636E+15,[夜晚文化晚会主持稿],93,40
0:01:06,9.25782E+15,[费率招标],14,12
0:01:06,1.84136E+16,[600311],7,1
0:01:06,6.04411E+14,[暴力摩托],2,2
0:01:06,1.7141E+16,[相马西],3,8
0:01:06,6.70695E+15,[火箭何时vs湖人啊],4,6
0:01:06,8.61665E+15,[福彩3d免费预测],1001,6
0:01:06,8.12431E+15,[哄抢救灾物资],1,1
0:01:06,5.91624E+14,[搜狐彩电],1,1
0:01:07,3.31056E+16,[young+girl],6,7
0:01:07,2.87367E+16,[皮裙],9,1
0:01:07,1.36794E+15,[度假网],33,7
0:01:07,8.71639E+15,[yearn铃声],4,6
0:01:07,8.58351E+14,[印尼排华是怎么回事],2,2
0:01:07,2.91105E+15,[nba],1,1
0:01:07,7.17113E+15,[大智慧证券软件],10,5
0:01:07,1.81157E+16,[QQ三国答题器+未来],1,1
0:01:07,5.43647E+15,[如何收养地震孤儿],2,1
0:01:07,8.03027E+15,[变态传奇私服],1,15
0:01:07,4.35176E+16,[伊波拉病毒],5,6
0:01:07,3.18636E+14,[中超],2,1
0:01:07,1.43622E+16,[明星合成],67,22
0:01:07,8.48059E+15,[科比81分视频],1,2
0:01:07,6.24093E+15,[四川长虹后市如何],2,1
0:01:07,7.85955E+15,[北京新风换气机价格],4,23
0:01:07,3.49802E+16,[小学三年级语文狮子和鹿教学反思],4,26
0:01:07,7.1925E+14,[七界传说],11,4
0:01:07,9.29688E+15,[六间房],1,2
0:01:08,6.18829E+15,[钢铁],3,1
0:01:08,6.74076E+15,[hand+job],158,49
0:01:08,1.56647E+16,[waga],7,11
0:01:08,2.40153E+16,[封杀莎朗斯通],33,11
0:01:08,6.0904E+15,[郭晶晶泳装图片],1,2
0:01:08,8.2287E+14,[劲舞团4.0免费外挂],6,4
0:01:08,8.73035E+15,[会计咨询],1,1
0:01:08,8.73035E+15,[会计咨询],1,2
0:01:08,1.61978E+16,[2008高考理综模拟试卷],27,71
0:01:08,5.90723E+15,[请问生肖牛的贵人是什么],1,1
0:01:08,2.80944E+15,[谷歌],1,1
0:01:09,9.79449E+15,[手机MP3下载],1,2
0:01:09,1.61978E+16,[2008高考理综模拟试卷],27,72
0:01:09,1.6909E+16,[地震现场照片],5,3
0:01:09,6.30544E+15,[多普达586何时下线],1,1
0:01:09,7.23012E+15,[阿宾全集在线阅读],3,15
0:01:09,6.26158E+15,[印尼暴徒残害华人视频],4,33
0:01:09,8.9604E+15,[英华ok980],2,5
0:01:09,6.47852E+14,[网络教育],1,1
0:01:09,5.55349E+15,[对讲机俱乐部],8,8
0:01:09,8.30597E+15,[万科财务分析报告],6,2
0:01:09,6.47852E+14,[网络教育],1,2
0:01:09,5.17588E+15,[华国峰同志逝世],4,3
0:01:09,7.71336E+15,[郭瑞霞魏丽惠],10,9
0:01:09,8.98296E+15,[汶川地震原因],2,1
0:01:09,1.09185E+16,[蔡依林合成图片],3,78
0:01:09,8.01331E+15,[德芙巧克力],1,1
0:01:09,8.46807E+15,[哄抢救灾物资],10,5
0:01:10,6.44152E+16,[欧美图片区],6,7
0:01:10,2.16001E+16,[抗冰抢险],2,3
0:01:10,7.90073E+15,[博堕天录],18,12
0:01:10,5.97283E+14,[为金昌争创全国文明城市签名],2,8
0:01:10,6.84368E+15,[生理图片],4,4
0:01:10,8.08375E+15,[杨丞琳辱华事件],6,1
0:01:10,6.04857E+15,[电影下载工具],30,5
0:01:10,9.41766E+15,[哄抢救灾物资],3,2
0:01:10,7.85061E+14,[DXXDXX],1,3
0:01:10,1.3477E+15,[婚纱照的电子相册软件],7,25
0:01:10,9.3407E+15,[姚明暴打科比],1,1
0:01:11,1.0329E+16,[美丽人声+Celtic+Woman],2,5
0:01:11,7.40511E+15,[烂眼角],1,2
0:01:11,6.52352E+15,[广西贵港市+房地产+价格],23,53
0:01:11,8.6308E+15,[唐家山+地图],2,2
0:01:11,3.97994E+16,[http：//photo.xuite.net/dmcg],6,4
0:01:11,2.87731E+15,[汶川地震原因],3,1
0:01:11,9.08604E+14,[www.97sese.com],1,1
0:01:11,8.42421E+15,[吴尊强吻炎亚纶],1,1
0:01:11,2.34769E+16,[北京男子养生馆],1,1
0:01:11,7.89458E+15,[极品金发女郎],1,5
0:01:11,6.2809E+15,[汶川地震原因],2,1
0:01:11,7.54372E+15,[qq华夏],6,1
0:01:11,5.51747E+15,[比亚迪+报价],1,3
0:01:11,7.54372E+15,[qq华夏],6,2
0:01:11,7.92011E+15,[百老汇],6,1
0:01:11,9.54506E+15,[龙卷风+歌词],3,2
0:01:11,2.51239E+15,[拳皇2003人物出招表],4,24
0:01:11,6.8783E+15,[一级建造师],5,3
0:01:11,4.94515E+15,[哄抢救灾物资],3,2
0:01:11,1.25191E+16,[歌曲],6,2
0:01:12,8.22282E+15,[菅野梨沙],46,20
0:01:12,7.76101E+15,[北京外国语大学],4,15
0:01:12,5.10796E+14,[张国立补捐款了没有],1,8
0:01:12,3.56443E+16,[封杀莎朗斯通],1,1
0:01:12,1.61951E+16,[newton法导出迭代公式],3,1
0:01:12,8.38884E+15,[五月天网站],14,4
0:01:12,4.6216E+16,[site:zggyw.cn],47,2
0:01:12,8.6308E+15,[唐家山+地图],1,1
0:01:12,4.37231E+15,[小仓优子],2,1
0:01:12,4.30617E+15,[杨丞琳辱华事件],2,2
0:01:12,7.9549E+15,[芜湖方特],1,4
0:01:12,2.76458E+15,[罗德曼篮板数据],1,1
0:01:13,6.12198E+15,[土豆网+本能1],3,19
0:01:13,5.93364E+15,[封杀莎朗斯通],3,2
0:01:13,5.53718E+15,[汶川地震原因],8,1
0:01:13,2.92168E+16,[陈桥五笔],1,1
0:01:13,6.20213E+15,[莎朗斯通+本能],5,3
0:01:13,1.92439E+16,[印尼排华是怎么回事],3,2
0:01:13,8.58351E+14,[印尼排华是怎么回事],1,3
0:01:13,8.03027E+15,[变态传奇私服],2,16
0:01:13,8.97215E+15,[窈窕淑女+CD2+迅雷],3,11
0:01:13,7.2974E+15,[唐山地震+地震云],35,18
0:01:13,6.37117E+15,[重庆武警部队领导名录],4,4
0:01:13,8.66135E+15,[建设雅马哈],5,2
0:01:13,6.38365E+15,[如何落实科学发展观],7,6
0:01:13,2.73947E+15,[5.12汶川震后十分钟],1,14
0:01:13,7.33233E+15,[女犯鞭刑图片],2,10
0:01:13,6.79558E+15,[连胜文+蔡依珊],2,2
0:01:13,4.1962E+16,[徐子淇和李家诚相识],1,1
0:01:13,6.60596E+15,[hp4vc],99,37
0:01:13,7.59496E+15,[蒙古国地图],3,3
0:01:13,9.87472E+15,[小马过河的博客],20,10
0:01:13,2.88162E+15,[gay],1,2
0:01:13,8.53593E+15,[王磊+简历],1,1
0:01:14,7.4487E+15,[5号特工组],6,3
0:01:14,3.40007E+15,[印尼残害女华人+图片],28,62
0:01:14,2.73947E+15,[5.12汶川震后十分钟],1,15
0:01:14,7.60191E+15,[布林线参数设置],4,18
0:01:14,8.2975E+15,[好莱坞女星莎朗-斯通],1,13
0:01:14,8.84096E+15,[哄抢救灾物资],2,10
0:01:14,8.90017E+15,[baidu],1,4
0:01:14,1.61986E+16,[一枝梅],6,1
0:01:14,5.89427E+15,[欧洲GAY图片],4,12
0:01:14,7.49734E+15,[马英九的政治主张],4,9
0:01:14,6.04274E+15,[丝路传说],6,2
0:01:14,7.97356E+15,[成都义演直播],2,1
0:01:14,6.66308E+15,[汶川地震原因],4,1
0:01:14,4.5548E+15,[五月天],1,5
0:01:14,3.9772E+16,[粟裕与许世友的恩怨],9,5
0:01:14,9.20669E+15,[MSN],1,1
0:01:15,1.90271E+14,[厕奴],8,2
0:01:15,8.43259E+15,[５１号兵站],4,35
0:01:15,5.55349E+15,[对讲机俱乐部],7,9
0:01:15,3.74821E+15,[酷哥网],1,8
0:01:15,2.71914E+15,[240*320何炅壁纸],8,2
0:01:15,8.6308E+15,[唐家山+地图],4,3
0:01:15,4.22024E+16,[好想回家+片尾曲],1,4
0:01:15,8.12221E+15,[市场营销+案例],17,13
0:01:15,5.80257E+15,[基金],1,1
0:01:15,4.59483E+16,[王石],1,9
0:01:15,7.19184E+15,[蒙古国风景],49,36
0:01:15,7.09015E+15,[农产品出口品质问题的摘要],2,1
0:01:15,4.14162E+16,[年轻时朱玲玲的照片],5,8
0:01:15,7.81321E+15,[唐家山堰塞湖图片],5,9
0:01:16,2.87061E+15,[河南汽车违章查询],7,5
0:01:16,8.78968E+15,[tokyo+hot+n0240],13,3
0:01:16,5.83739E+15,[地震现场照片],1,1
0:01:16,5.11478E+15,[Dmplay弹广告软件],2,1
0:01:16,3.49621E+16,[www.tokyo-hot.com],1,4
0:01:16,8.22838E+15,[wege520],1,1
0:01:16,4.84225E+14,[印尼排华是怎么回事],2,1
0:01:16,5.06778E+15,[电影],6,1
0:01:16,3.66591E+15,[培训],1,1
0:01:16,6.37392E+15,[海贼王355],1,2
0:01:16,8.28583E+15,[NewPlay+V4.05+注册码],13,8
0:01:16,5.24065E+15,[伊尔萨洗衣],10,6
0:01:16,7.90273E+15,[巨蟹天蝎配],1,1
0:01:16,2.40855E+16,[武林启示录+金铃],2,39
0:01:17,8.06771E+15,[rentiyishu],3,1
0:01:17,6.85334E+15,[DDOS],3,1
0:01:17,3.81815E+15,[哄抢救灾物资],4,2
0:01:17,9.84836E+15,[美军审越南女战俘],1,2
0:01:17,5.54004E+14,[喀纳斯水怪抓到了],1,3
0:01:17,4.53265E+15,[男孩同志],5,3
0:01:17,4.16306E+15,[东方财富网],1,2
0:01:17,2.57546E+16,[望乡],4,2
0:01:17,6.71604E+15,[刘芳菲],1,21
0:01:17,6.23943E+15,[蒙古国地图],2,1
0:01:17,3.95779E+15,[留学],1,1
0:01:17,1.65305E+16,[徐子淇面相],1,6
0:01:18,6.15684E+14,[地震现场照片],10,1
0:01:18,3.74986E+16,[育英],26,3
0:01:18,8.26672E+15,[俄罗斯模特摄影],1,1
0:01:18,5.66974E+15,[最经典的几句话],2,11
0:01:18,1.78683E+16,[十大明星丑态],9,2
0:01:18,3.64818E+16,[陈希同+政治],4,70
0:01:18,6.61203E+15,[汶川地震原因],10,4
0:01:18,2.6333E+15,[欢欢文苑],1,2
0:01:18,7.27636E+15,[夜晚文化晚会主持稿],97,41
0:01:18,8.29364E+15,[出口报关申报地点],18,5
0:01:18,7.33233E+15,[女犯鞭刑图片],1,11
0:01:19,1.96071E+16,[site:17173.com+幸运],3,5
0:01:19,4.96296E+14,[沈国放间谍案],1,4
0:01:19,4.78083E+16,[1998年印尼排华事件],9,6
0:01:19,1.29444E+16,[傲盾防火墙],1,1
0:01:19,8.2287E+14,[劲舞团4.0免费外挂],7,5
0:01:19,8.46283E+13,[深圳歌手:朱晓琳],5,12
0:01:19,7.25855E+15,[清朝努尔哈赤],31,28
0:01:19,3.73887E+16,[会计证考试成绩查询],3,9
0:01:19,8.0001E+15,[哄抢救灾物资],1,1
0:01:19,6.60596E+15,[hp4vc],100,38
0:01:19,6.04857E+15,[电影下载工具],8,6
0:01:19,8.66005E+15,[资生堂护肤品],4,3
0:01:19,7.9549E+15,[芜湖方特],3,5
0:01:19,1.59111E+16,[阿里不达年代记],12,3
0:01:19,6.73684E+14,[金鱼火花+++中文版],2,1
0:01:19,4.49673E+15,[阿苯达唑片],1,4
0:01:19,7.23734E+15,[9号公馆],1,1
0:01:19,3.34406E+15,[biantai+图],1,2
0:01:19,3.27801E+16,[蒙古国现状],1,8
0:01:19,4.11614E+16,[王码笔画],7,1
0:01:19,8.99798E+15,[台湾空军叛逃大陆],2,1
0:01:20,3.67832E+16,[新标志307两厢召回],7,7
0:01:20,1.24495E+15,[刘翔视频],1,6
0:01:20,2.266E+16,[杰西达邦综艺],3,3
0:01:20,2.0041E+15,[速腾的首保时间],3,3
0:01:20,1.51438E+15,[莎朗斯通],25,10
0:01:20,2.22167E+15,[细川たかし+北酒场],5,8
0:01:20,4.68905E+15,[封杀莎朗斯通],3,2
0:01:20,8.19326E+15,[皇冠最新ip],1,1
0:01:20,1.01152E+15,[主题],1,36
0:01:20,3.16355E+15,[get+in+her+ass],91,9
0:01:20,2.0066E+16,[97sese.com],1,1
0:01:20,8.84096E+15,[哄抢救灾物资],1,11
0:01:20,9.30174E+15,[乔丹100分],1,3
0:01:20,6.48929E+15,[花花公子女郎网站],1,4
0:01:20,5.23068E+15,[汶川地震原因+三峡],5,2
0:01:20,7.31833E+15,[学园+site:http://www.fs2you.com/zh-cn/],170,159
0:01:20,9.90567E+14,[虎摘],2,5
0:01:20,7.76756E+14,[吴伯雄简历],3,14
0:01:20,6.5909E+15,[赵薇空间],1,2
0:01:20,9.54506E+15,[龙卷风+歌词],1,3
0:01:20,6.22863E+15,[吕不韦是怎么死的],1,1
0:01:21,4.17072E+16,[机票预定],6,3
0:01:21,6.29769E+15,[突然头晕想吐],4,7
0:01:21,3.26388E+16,[sao345],2,1
0:01:21,5.20005E+15,[典心],3,19
0:01:21,5.71786E+15,[汉网],1,1
0:01:21,8.03878E+15,[印尼海啸图片],17,11
0:01:21,8.2287E+14,[劲舞团4.0免费外挂],9,6
0:01:21,6.63321E+15,[美国贝卡尔特量子膜],7,16
0:01:21,9.08854E+15,[旋涡泵价格],1,1
0:01:21,3.78756E+16,[谷歌+价格],1,1
0:01:21,3.9868E+16,[如何提高乒乓球水平],1,2
0:01:21,2.38633E+16,[节约用纸图片],1,14
0:01:21,2.29939E+15,[刘德华+梁朝伟],11,2
0:01:21,8.63091E+15,[珠海健康中心],9,12
0:01:21,3.61185E+16,[gay],1,2
0:01:21,7.28813E+15,[谁是莎朗.斯通],1,1
0:01:21,2.88873E+16,[概率论数理统计课件],40,17
0:01:22,1.22955E+16,[成吉思汗大军的军粮],1,28
0:01:22,2.87061E+15,[河南汽车违章查询],8,6
0:01:22,2.73947E+15,[5.12汶川震后十分钟],5,16
0:01:22,3.47774E+16,[圣安地列斯秘籍],6,5
0:01:22,2.57446E+15,[李后强+地震],99,11
0:01:22,2.37008E+15,[美的电磁炉ep208],8,4
0:01:22,2.73947E+15,[5.12汶川震后十分钟],5,17
0:01:22,5.08352E+14,[cad2005免费下载],1,3
0:01:22,8.97357E+15,[生男的受孕方法],6,7
0:01:22,7.14832E+15,[救灾帐篷],7,8
0:01:22,4.0294E+16,[肾虚+症状],4,1
0:01:22,9.5429E+15,[印尼排华是怎么回事],2,2
0:01:22,3.03002E+16,[封杀莎朗斯通],3,2
0:01:22,4.0294E+16,[肾虚+症状],4,2
0:01:23,5.93742E+15,[印尼排华是怎么回事],1,1
0:01:23,6.48016E+15,[难忘的战斗],5,3
0:01:23,2.95156E+16,[杜聿明看林彪与粟裕],1,1
0:01:23,4.0294E+16,[肾虚+症状],4,3
0:01:23,9.49992E+15,[太阳能路灯],22,11
0:01:23,2.19757E+15,[玛斯特沙发],2,2
0:01:23,4.09775E+15,[虎年几月生好],3,32
0:01:23,6.69778E+15,[一汽大众宝来价格],8,5
0:01:23,8.4217E+15,[最新死囚枪决现场],5,2
0:01:23,3.21089E+16,[五月天],47,9
0:01:23,3.68687E+16,[成龙],4,2
0:01:23,1.9824E+16,[2008抗震救灾晚会],2,21
0:01:23,6.49722E+15,[福记食品],2,1
0:01:23,5.33306E+15,[sohu],1,1
0:01:23,1.73263E+16,[fucking],156,71
0:01:23,8.74647E+15,[gay片],18,11
0:01:23,4.16731E+16,[唐山地震],3,1
0:01:23,1.52499E+16,[电影],5,2
0:01:23,6.87726E+15,[深圳汽车租赁],1,1
0:01:23,7.63341E+15,[97sese主页],2,3
0:01:23,1.84468E+15,[化工设备配件],1,1
0:01:23,1.30899E+16,[严顺开],2,1
0:01:23,4.16731E+16,[唐山地震],3,2
0:01:24,7.33233E+15,[女犯鞭刑图片],3,12
0:01:24,6.76858E+15,[印尼排华是怎么回事],1,5
0:01:24,2.16716E+16,[真三无双显血改键],1,3
0:01:24,1.57376E+16,[金来沅资料],1,6
0:01:24,6.24203E+15,[扫地车报价],41,45
0:01:24,6.93121E+15,[郎铮近况],36,25
0:01:24,8.02359E+15,[尾崎丰i+love+you+mp3],7,2
0:01:24,8.78968E+15,[tokyo+hot+n0240],18,4
0:01:24,6.70044E+15,[林心如a级长片下载],20,21
0:01:24,6.15287E+13,[军用弓弩],2,18
0:01:24,1.27738E+16,[驻伊美军女兵照片],1,1
0:01:24,9.92137E+15,[尺寸链],36,59
0:01:24,8.89515E+15,[o.r.p.h.e.u.s],3,7
0:01:24,3.40007E+15,[印尼残害女华人+图片],29,63
0:01:25,8.82645E+14,[少年阿宾系列],1,4
0:01:25,3.97994E+16,[http：//photo.xuite.net/dmcg],7,5
0:01:25,7.43984E+14,[藏獒vs牧羊犬],2,1
0:01:25,1.59111E+16,[阿里不达年代记],15,4
0:01:25,4.55596E+16,[暴风法庭免费下载],9,11
0:01:25,7.0866E+15,[谷歌卫星地图中文版],7,1
0:01:25,3.94983E+15,[old+woman+and],2,25
0:01:25,3.90319E+15,[南昌理工学院],2,2
0:01:25,2.85563E+15,[夏夏娱乐网站],3,20
0:01:25,2.75088E+15,[郑元畅+贺军翔],1,1
0:01:25,7.18782E+15,[淑女连衣裙],7,6
0:01:25,7.26672E+15,[把百度设为首页],4,7
0:01:25,2.62108E+16,[何首乌],5,1
0:01:25,2.87367E+16,[大拿],1,2
0:01:25,7.32956E+14,[times],4,1
0:01:25,9.4442E+15,[最新免费QQ空间皮肤代码],14,16
0:01:25,4.36517E+15,[范跑跑],5,3
0:01:26,6.46127E+15,[web迅雷最新版本],1,2
0:01:26,5.68896E+15,[张韶涵],2,2
0:01:26,7.3568E+15,[英文翻唱的中文歌],1,7
0:01:26,6.41402E+15,[下半年基金投资策略],1,1
0:01:26,6.51807E+15,[atx开关电源],3,32
0:01:26,4.98839E+15,[石油能用多少年],2,2
0:01:26,3.64818E+16,[陈希同+政治],5,71
0:01:26,7.49161E+15,[功夫之王视频播放],26,13
0:01:26,7.14997E+14,[女警撩起了警裙],1,3
0:01:26,1.09172E+16,[三星奥运直板手机],10,18
0:01:26,5.07095E+15,[家法+罚跪],2,4
0:01:26,8.22282E+15,[菅野梨沙],47,21
0:01:26,8.86387E+14,[天天免费论坛],1,18
0:01:26,4.81988E+16,[给宝宝补充什么DHA+鱼肝油],42,16
0:01:27,6.77965E+15,[刘文正视频],4,4
0:01:27,4.30337E+15,[QQ空gQCC音],4,1
0:01:27,7.31833E+15,[学园+site:http://www.fs2you.com/zh-cn/],171,161
0:01:27,4.16847E+16,[汶川地震原因],15,4
0:01:27,7.27636E+15,[夜晚文化晚会主持稿],99,42
0:01:27,1.65336E+16,[杨丞琳辱华下场],3,5
0:01:27,4.32812E+15,[淘宝,时装,女凉拖]
0:01:27,9.71413E+14,[08奥运火炬传递路线],1,4
0:01:27,8.39588E+15,[都江堰++地震++视频],1,1
0:01:27,6.35687E+15,[七界传说],4,2
0:01:27,8.12221E+15,[市场营销+案例],18,14
0:01:27,9.1749E+15,[2008季后赛湖人对马刺视频],1,1
0:01:27,7.35751E+15,[武藤兰电影下载],5,5
0:01:27,3.34155E+15,[杨丞琳辱华惨痛下场],9,3
0:01:27,8.96734E+15,[泡泡战],4,1
0:01:27,4.6342E+16,[封杀莎朗斯通],2,2
0:01:28,3.61185E+16,[gay],7,3
0:01:28,4.83032E+15,[蔷薇红莲],5,2
0:01:28,9.09924E+15,[xiao七七论坛],7,1
0:01:28,6.82736E+15,[双刀教程],3,12
0:01:28,6.44152E+16,[欧美图片区],7,8
0:01:28,9.5429E+15,[印尼排华是怎么回事],3,3
0:01:28,4.0866E+15,[财经大学硕士招生],76,29
0:01:28,6.19921E+15,[飞梦],1,2
0:01:28,4.11206E+15,[北京海洋馆],6,5
0:01:28,6.70044E+15,[林心如a级长片下载],19,22
0:01:28,2.38633E+16,[节约用纸图片],2,15
0:01:28,7.92011E+15,[百老汇电器行],1,2
0:01:28,9.67881E+15,[qiche],15,3
0:01:28,1.02374E+16,[莎朗斯通+免费电影],10,17
0:01:28,6.5097E+15,[蔡国强],20,3
0:01:29,7.90073E+15,[博堕天录],26,14
0:01:29,5.80706E+15,[令计划个人简历],1,3
0:01:29,3.86647E+16,[张智理],1,1
0:01:29,3.69173E+15,[哭泣的星空URL+MP3],1,5
0:01:29,1.54533E+16,[97sese],1,1
0:01:29,4.81432E+16,[印尼残害女华人+图片],1,13
0:01:29,3.42364E+16,[北川中学地震图片],6,3
0:01:29,7.93027E+15,[哄抢救灾物资],3,1
0:01:29,5.03127E+15,[3jp电影],1,1
0:01:29,4.93703E+15,[唐家山堰塞湖图],2,4
0:01:29,2.40855E+16,[武林启示录+金铃],4,40
0:01:29,2.9819E+16,[汶川地震原因],2,1
0:01:29,5.45343E+15,[杨丞琳辱华惨痛下场],1,1
0:01:29,4.76882E+15,[六一+祝福短信],1,17
0:01:29,1.92439E+16,[印尼排华是怎么回事],4,3
0:01:29,4.8053E+15,[格力空调价格],4,8
0:01:29,9.3175E+15,[车仁表结婚照片],1,2
0:01:29,8.9723E+15,[帝国时代3+亚洲王朝],6,10
0:01:30,5.92743E+15,[羊城暗哨，视频],2,2
0:01:30,6.77686E+15,[林熙蕾三级],3,30
0:01:30,7.9085E+15,[苏志燮+档案],2,8
0:01:30,2.15283E+16,[电影本能1],27,9
0:01:30,6.18779E+14,[刑讯越南女战俘图],2,36
0:01:30,7.54372E+15,[qq华夏外挂],1,5
0:01:30,9.85439E+15,[北京律师],1,1
0:01:30,7.54372E+15,[qq华夏外挂],1,6
0:01:30,7.63544E+15,[佛山市旧城改造],7,2
0:01:30,6.49882E+15,[轩辕剑外传苍之涛domo中的任务],1,1
0:01:30,4.21239E+15,[舒淇3级片观看],1,2
0:01:30,5.49473E+15,[汶川地震原因],1,1
0:01:30,2.4627E+16,[大学习大讨论心得],48,17
0:01:30,2.4627E+16,[大学习大讨论心得],48,18
0:01:30,5.93742E+15,[印尼排华是怎么回事],2,2
0:01:30,8.12486E+15,[印尼暴徒残害华人视频],3,26
0:01:30,4.22024E+16,[好想回家+片尾曲],2,5
0:01:30,5.46456E+14,[三峡为什么要爆破],1,4
0:01:30,4.37175E+15,[书画故事传说],3,5
0:01:30,4.41205E+15,[国务院最近任免人员],1,1
0:01:31,3.59629E+15,[封杀莎朗斯通],1,2
0:01:31,3.97189E+15,[三星SCH-F639最新价格+site:www.pcpop.com|product.pcpop.com|channel.pcpop.com|pop.pcpop.com],9,1
0:01:31,8.26672E+15,[俄罗斯模特摄影],3,2
0:01:31,5.04211E+15,[治疗],1001,1
0:01:31,5.74729E+15,[电影:妄想],1,1
0:01:31,8.122E+15,[印尼排华是怎么回事],2,24
0:01:31,5.55349E+15,[摩托罗拉对讲机],2,11
0:01:31,9.41822E+15,[特种部队的大跳],9,6
0:01:31,7.3328E+15,[碱金属],4,4
0:01:31,1.01152E+15,[主题],2,37
0:01:31,1.95949E+16,[沈阳警方扫黄现场组图],6,7
0:01:31,4.07929E+15,[vggaa],5,2
0:01:31,8.0001E+15,[哄抢救灾物资],2,2
0:01:31,8.13831E+15,[辛亥革命论文],21,7
0:01:31,8.76194E+15,[年轻人住房问题],24,10
0:01:31,7.2257E+15,[徐子淇面相],5,4
0:01:31,4.41205E+15,[国务院最近任免人员],3,2
0:01:31,3.02201E+16,[公安部通缉令名单],2,2
0:01:32,5.40472E+15,[攀枝花学院],1,3
0:01:32,1.90271E+14,[厕奴文章],1,4
0:01:32,4.07576E+15,[郭跃博客],3,15
0:01:32,8.48526E+15,[单机游戏],1,1
0:01:32,5.17588E+15,[华国峰同志逝世],7,4
0:01:32,8.28219E+15,[刮脸],98,25
0:01:32,3.61185E+16,[gay],8,4
0:01:32,3.94983E+15,[old+woman+and],9,26
0:01:32,4.66613E+15,[\聊],1,5
0:01:32,4.76882E+15,[六一+祝福短信],2,18
0:01:32,9.53891E+15,[陈水扁宣读台独],1,1
0:01:32,6.05258E+15,[路绮欧所有歌曲],1,3
0:01:32,3.08517E+14,[蒙古国何时建立的],2,4
0:01:32,1.68942E+16,[哄抢救灾物资],1,1
0:01:32,5.77798E+15,[夏夏娱乐图片],2,10
0:01:32,8.78515E+15,[汶川县政府大楼],4,4
0:01:33,8.67812E+15,[nba直播],1,2
0:01:33,8.02447E+15,[2007年十大网络小说],9,6
0:01:33,8.03508E+15,[哄抢救灾物资照片],1,2
0:01:33,3.18396E+16,[同志小说],1,1
0:01:33,1.38727E+16,[悍马汽车],2,1
0:01:33,2.84821E+15,[传奇X],13,45
0:01:33,1.89295E+16,[宜昌奥运火炬传递],6,6
0:01:33,1.29319E+16,[美军审讯越南女战俘],27,61
0:01:33,7.67765E+15,[黄石的孩子下载],2,5
0:01:33,4.98839E+15,[石油能用多少年],3,3
0:01:34,9.1749E+15,[2008季后赛湖人对马刺视频],1,2
0:01:34,3.49621E+16,[www.tokyo-hot.com],5,5
0:01:34,9.00529E+15,[谁是莎朗.斯通],2,1
0:01:34,7.39987E+15,[易容术男扮女装],3,37
0:01:34,2.59575E+16,[医学电子书],2,1
0:01:34,4.17072E+16,[机票预定],9,4
0:01:34,1.54729E+16,[生死不离+成龙],5,6
0:01:34,5.81353E+15,[汶川地震原因],5,1
0:01:34,5.10796E+14,[张国立补捐款了没有],3,9
0:01:34,3.64307E+16,[大s和小s的照片],3,24
0:01:34,1.77385E+16,[天气预报],1,1
0:01:34,4.72381E+15,[汶川地震原因],2,1
0:01:34,4.41205E+15,[国务院最近任免人员],6,3
0:01:34,1.21136E+16,[哄抢救灾物资],1,1
0:01:34,6.43915E+15,[封杀莎朗斯通],1,1
0:01:34,5.83739E+15,[地震现场照片],4,2
0:01:34,6.11044E+14,[邢文昭],1,3
0:01:34,4.05762E+16,[木樨园+儿童自行车],1,106
0:01:34,4.25128E+16,[死神],9,13
0:01:34,3.15101E+15,[Norajo-Day+It+Take(Remix)],19,36
0:01:34,8.62392E+15,[唐山地震],2,3
0:01:35,3.78756E+16,[谷歌+价格],3,2
0:01:35,1.01152E+15,[主题],3,38
0:01:35,3.54559E+16,[全国在逃通缉犯名单],3,2
0:01:35,3.60068E+15,[site:fs2you.com+监禁],1,49
0:01:35,8.86923E+15,[word+Canvas],16,4
0:01:35,2.44958E+16,[易趣],1,1
0:01:35,8.98815E+15,[印尼排华是怎么回事],2,2
0:01:35,1.7141E+16,[相马西],7,9
0:01:35,3.97994E+16,[http：//photo.xuite.net/dmcg],8,6
0:01:35,6.24203E+15,[扫地车报价],48,46
0:01:35,5.06608E+15,[汶川地震卫星地图],1,28
0:01:35,3.74821E+15,[酷哥娱乐网],1,10
0:01:35,4.27802E+16,[李玟演唱会],1,2
0:01:35,6.29769E+15,[突然头晕想吐],2,8
0:01:35,7.20644E+14,[生肖婚姻配对],1,3
0:01:35,3.58215E+16,[汶川地震原因],5,1
0:01:35,6.66264E+14,[陆军装备],5,6
0:01:35,7.81824E+15,[2008年北京市房山区中考数学一模试卷及答案],23,4
0:01:35,4.7902E+16,[汶川地震原因],1,1
0:01:35,6.08604E+15,[杨业家法],6,12
0:01:35,9.01321E+14,[海军副司令受贿生活],3,1
0:01:35,4.37175E+15,[书画故事传说],4,6
0:01:36,5.74973E+15,[ATI+RADEON+XPRESS+200+Series],49,22
0:01:36,3.93086E+16,[bad+boy+son+dam+bi],2,1
0:01:36,8.00464E+14,[邓小平暗算叶剑英],4,7
0:01:36,7.69055E+15,[哄抢救灾物资],1,1
0:01:36,9.8572E+15,[莎朗斯通],3,2
0:01:36,8.34057E+15,[猫扑],3,1
0:01:36,7.35751E+15,[武藤兰电影下载],7,6
0:01:36,9.00529E+15,[谁是莎朗.斯通],3,2
0:01:36,1.91863E+16,[张雅],6,6
0:01:36,1.7805E+16,[mainv],6,1
0:01:36,7.57339E+15,[远程入侵网吧主机注册机],3,2
0:01:36,1.49374E+16,[gogloo],11,5
0:01:36,1.9019E+16,[保定市女子职业中专],2,19
0:01:36,6.86279E+15,[甘肃地震局],47,10
0:01:36,8.08734E+15,[汶川地震原因],4,2
0:01:36,4.30337E+15,[QQ空gQCC音],1,2
0:01:36,3.91958E+16,[free+chinese+movie],5,4
0:01:36,8.30263E+15,[朝鲜能不能打败韩国],1,3
0:01:37,3.03083E+15,[紫陵阁],7,2
0:01:37,7.29235E+14,[魏宝凤],3,3
0:01:37,4.76882E+15,[六一+祝福短信],3,19
0:01:37,7.01105E+15,[皮肤病],1,1
0:01:37,7.01105E+15,[皮肤病],1,2
0:01:37,6.71604E+15,[刘芳菲],7,22
0:01:37,5.61231E+15,[杨思敏电影观看],9,19
0:01:37,2.23747E+16,[谁是莎朗.斯通],1,1
0:01:37,8.1661E+15,[纯水机+净水机+区别],1,92
0:01:37,1.13073E+16,[www.33ri.com],1,1
0:01:37,1.29319E+16,[美军审讯越南女战俘],28,62
0:01:37,6.70071E+15,[北京+教委],1,4
0:01:37,3.39251E+15,[死神H图],69,33
0:01:37,5.8063E+15,[WORD2007],3,5
0:01:37,6.37303E+15,[医院信息管理系统],6,3
0:01:37,7.80797E+15,[2.pstang.net],1,1
0:01:37,7.9657E+15,[四川汶川地震预测],3,12
0:01:37,6.36329E+15,[封杀莎朗斯通],1,3
0:01:37,5.74211E+15,[哄抢救灾物资],1,1
0:01:37,6.12198E+15,[土豆网+本能1],2,20
0:01:37,8.89304E+15,[唐国强出车祸死亡],1,1
0:01:37,3.95308E+16,[人物+王文京+简介],3,1
0:01:38,4.81432E+16,[印尼残害女华人+图片],7,14
0:01:38,9.61679E+15,[baidu],1,1
0:01:38,8.20627E+15,[神墓],2,1
0:01:38,1.91122E+16,[空间主人寄语],4,2
0:01:38,7.14997E+14,[女警撩起了警裙],4,4
0:01:38,7.35826E+15,[小游戏],1,1
0:01:38,9.31823E+15,[泰国男模tony图片],7,27
0:01:38,6.15287E+13,[军用弓弩],9,19
0:01:38,1.81643E+15,[七彩人生],1,4
0:01:38,3.65569E+16,[莎朗斯通代言],20,12
0:01:38,1.6909E+16,[地震现场照片],6,4
0:01:38,3.1027E+16,[oh+baby],2,1
0:01:38,1.57128E+16,[普拉达],2,2
0:01:38,1.75604E+16,[空调什么牌子好],7,24
0:01:38,5.27349E+15,[哄抢救灾物资],3,1
0:01:38,5.0151E+15,[2008艺人收入排行榜],4,12
0:01:38,6.79558E+15,[连胜文+蔡依珊],9,3
0:01:38,5.95824E+15,[桂林到重庆火车],3,2
0:01:38,8.9452E+15,[jmzx],1,1
0:01:38,6.60904E+15,[russia+girl+pussy],3,16
0:01:38,2.266E+16,[杰西达邦综艺],4,4
0:01:38,1.81019E+15,[文学城],5,3
0:01:38,6.44758E+15,[手机+脑癌],5,10
0:01:38,9.41431E+15,[嘟嘟魔域],3,2
0:01:38,3.64307E+16,[大s和小s的照片],4,25
0:01:38,2.23477E+16,[福利彩票3d字谜汇总],5,26
0:01:38,2.69985E+15,[见过这样的另类吗],19,4
0:01:38,3.49611E+16,[leo+ku],5,3
0:01:39,2.4787E+16,[抗震救灾捐赠倡议],21,35
0:01:39,6.20061E+15,[site:210.6.90.222:8002+18p2p],1,3
0:01:39,3.40437E+14,[跳舞小说《恶魔法则》免费阅读],2,2
0:01:39,7.35826E+15,[小游戏],1,2
0:01:39,3.02389E+15,[魔镜-QQ桌球(2D桌Q)瞄准器至尊版],5,41
0:01:39,3.73821E+15,[赶僵尸+图],4,3
0:01:39,1.20633E+16,[4399],3,1
0:01:39,9.9213E+15,[林o+安以轩],4,6
0:01:39,7.35826E+15,[小游戏],1,3
0:01:39,8.80949E+15,[餐饮],1,1
0:01:39,9.18637E+15,[昌平大学城],5,23
0:01:39,2.45801E+15,[11sss.com],1,1
0:01:39,3.66723E+15,[汶川地震原因],2,1
0:01:39,6.38306E+15,[火影忍者403],6,17
0:01:39,2.6426E+16,[土豆],3,2
0:01:39,6.72533E+15,[艺术照],2,1
0:01:39,8.42832E+15,[李永波+龚智超],3,22
0:01:40,1.9824E+16,[2008抗震救灾晚会],7,22
0:01:40,7.71037E+15,[康熙墓],1,1
0:01:40,8.0085E+15,[吕秀莲到大陆],1,1
0:01:40,3.08517E+14,[蒙古国何时建立的],3,5
0:01:40,9.97055E+15,[刘永治],2,4
0:01:40,7.56088E+15,[沈国放间谍事件],1,9
0:01:40,3.9772E+16,[粟裕与许世友的恩怨],10,6
0:01:40,3.58215E+16,[汶川地震原因],5,2
0:01:40,7.18628E+15,[芦荀],33,14
0:01:40,4.48782E+15,[中粮屯河],3,3
0:01:40,3.58215E+16,[汶川地震原因],5,3
0:01:40,3.18396E+16,[同志小说],6,2
0:01:40,9.00529E+15,[谁是莎朗.斯通],1,3
0:01:40,2.77725E+15,[哄抢救灾物资],3,1
0:01:41,6.49571E+15,[汶川地震原因],3,1
0:01:41,2.56487E+15,[蜜汁+完美],5,2
0:01:41,9.60041E+15,[北京双安商场网站],1,8
0:01:41,3.24617E+14,[免费范文房屋委建],1,12
0:01:41,7.97666E+15,[神舟笔记本电脑如何],2,1
0:01:41,5.80706E+15,[令计划个人简历],2,4
0:01:41,8.30635E+15,[超人前传第四季14集],23,16
0:01:41,6.47949E+15,[免费电影],2,1
0:01:41,4.37231E+15,[小仓优子],7,2
0:01:41,1.26368E+16,[内存卡厂家],3,1
0:01:41,5.87005E+15,[les限制级小说],48,16
0:01:41,2.4787E+16,[凤凰卫视],6,16
0:01:41,4.01381E+15,[台湾空军叛逃大陆],4,2
0:01:42,9.6405E+15,[本能2],1,3
0:01:42,2.73926E+15,[招聘护理学博士],8,8
0:01:42,7.4487E+15,[5号特工组],1,4
0:01:42,3.78155E+15,[青岛列车时刻表],2,11
0:01:42,8.98815E+15,[印尼排华是怎么回事],1,3
0:01:42,6.40466E+15,[世界杯+沈冰],3,5
0:01:42,2.69014E+15,[露jiji],2,26
0:01:42,8.30623E+15,[汶川地震原因],2,1
0:01:42,3.61185E+16,[gay],13,6
0:01:42,7.91324E+15,[site:http://www.fs2you.com+松本],6,35
0:01:42,7.27209E+15,[周结论赛车免费电影],1,1
0:01:42,2.91677E+16,[中华骏捷1.8],2,9
0:01:42,2.39081E+16,[星罗棋布的意思],3,3
0:01:42,7.25855E+15,[清朝努尔哈赤],32,29
0:01:42,9.87472E+15,[六六的博客],1,11
0:01:42,8.56517E+15,[王珂],1,1
0:01:43,7.67765E+15,[黄石的孩子下载],2,6
0:01:43,3.03547E+16,[天海丽BB+图],1,1
0:01:43,7.60191E+15,[布林线参数设置],5,19
0:01:43,5.64212E+15,[影视帝国],1,1
0:01:43,6.26158E+15,[印尼暴徒残害华人视频],10,34
0:01:43,2.27776E+15,[四川冰岛地图],5,3
0:01:43,4.84225E+14,[印尼排华是怎么回事],3,2
0:01:43,8.47121E+15,[武雷利],2,4
0:01:44,9.71405E+15,[武汉大桥垮塌],2,1
0:01:44,9.9193E+15,[水晶画],10,9
0:01:44,8.80911E+15,[长海医院+胰腺癌],9,6
0:01:44,3.12103E+16,[斜视],1,1
0:01:44,3.73821E+15,[赶僵尸+图],7,4
0:01:44,3.87191E+16,[虎摘图片],7,18
0:01:44,9.68435E+15,[新加坡地图],10,6
0:01:44,4.12716E+15,[斯诺克世界排名],2,2
0:01:44,5.94348E+15,[索尼笔记本],1,1
0:01:44,6.3167E+15,[沈阳房价暴跌],2,5
0:01:44,5.94348E+15,[索尼笔记本],1,2
0:01:44,9.05889E+15,[哪个国家石油最多],2,9
0:01:44,2.46546E+16,[家法戒尺藤条少爷],8,7
0:01:44,8.61982E+15,[3p],7,16
0:01:45,4.35176E+16,[伊波拉病毒],8,7
0:01:45,9.99481E+15,[DOSHOW],1,1
0:01:45,2.00848E+16,[application+for+visiting+scholar],3,1
0:01:45,6.18651E+15,[都市百美录],6,35
0:01:45,3.08517E+14,[蒙古国何时建立的],4,6
0:01:45,4.4461E+14,[印尼排华是怎么回事],6,10
0:01:45,4.45488E+16,[汶川地震原因],4,1
0:01:45,5.63012E+15,[ora-06576],5,10
0:01:45,4.85308E+16,[黄老邪９５４５],9,8
0:01:45,3.73088E+16,[http://www.97sese.com/],1,2
0:01:45,7.49473E+14,[女王男奴],17,5
0:01:45,8.53593E+15,[王磊+简历],2,2
0:01:45,7.03832E+15,[那那那开场DJ],1,1
0:01:45,5.67483E+15,[化妆培训班],1,1
0:01:45,1.10182E+16,[sm],13,8
0:01:45,2.91677E+16,[中华骏捷1.8],4,11
0:01:45,9.00529E+15,[谁是莎朗.斯通],4,4
0:01:45,6.38306E+15,[火影忍者403],7,18
0:01:45,5.66974E+15,[最经典的几句话],6,12
0:01:45,9.3987E+15,[秦皇岛船员招聘],1,1
0:01:45,8.64359E+15,[苏-27是怎样的],1,1
0:01:45,6.47065E+15,[李敖骂吕秀莲],3,3
0:01:45,6.84368E+15,[生理图片],7,5
0:01:45,7.46442E+15,[什么是达赖],2,1
0:01:45,1.91863E+16,[张雅],10,7
0:01:45,9.24848E+15,[北京市协和医院],1,2
0:01:45,8.9723E+15,[帝国时代3+亚洲王朝],10,11
0:01:46,2.16716E+16,[真三无双显血改键],10,4
0:01:46,3.67832E+16,[新标志307两厢召回],9,8
0:01:46,8.122E+15,[印尼排华是怎么回事],4,25
0:01:46,3.0006E+16,[亚洲图区],1,1
0:01:46,2.60503E+15,[奇摩即时通+隐藏],7,1
0:01:46,2.91677E+16,[中华骏捷1.8],5,12
0:01:46,4.77612E+15,[封杀莎朗斯通],7,6
0:01:46,8.44246E+15,[漫画小说免费下载],1,1
0:01:46,3.61185E+16,[gay],15,7
0:01:46,1.26368E+16,[内存卡厂家],4,2
0:01:46,2.81489E+16,[南方高科手机GETEK806],4,9
0:01:46,5.83928E+15,[全国在逃通缉犯名单],2,1
0:01:46,1.01758E+16,[HTC+Omni],2,11
0:01:46,3.45977E+15,[大气所],1,2
0:01:46,9.80289E+14,[司莫司汀],6,4
0:01:46,2.91677E+16,[中华骏捷1.8],3,10
0:01:46,9.96848E+15,[2345],1,1
0:01:46,9.55573E+14,[天生郭奉孝],136,25
0:01:46,9.1749E+15,[2008季后赛湖人对马刺视频],2,3
0:01:46,7.56088E+15,[沈国放间谍事件],3,10
0:01:47,4.81755E+15,[泰安-青岛+火车],1,1
0:01:47,1.7141E+16,[相马西],2,10
0:01:47,1.29319E+16,[美军审讯越南女战俘],32,64
0:01:47,7.68943E+14,[为民+务实+清廉],2,9
0:01:47,4.16847E+16,[汶川地震原因],17,5
0:01:47,9.0041E+15,[商业保险],1,1
0:01:47,6.71534E+15,[手机之家],1,1
0:01:47,2.70557E+15,[开车什么速度换档合适],6,13
0:01:47,4.53226E+16,[廖学兵],2,4
0:01:47,4.85088E+15,[阿荣旗地图],6,6
0:01:47,6.63531E+15,[与你同在],1,2
0:01:47,8.43376E+15,[yamada+ryosuke+图],3,2
0:01:47,6.00945E+15,[缅甸第三特区],11,15
0:01:47,1.3901E+16,[七龙珠小游戏],1,2
0:01:47,9.34848E+15,[ND],1,1
0:01:47,3.96891E+16,[夏季服装如何搭配],3,2
0:01:47,6.82736E+15,[双刀教程],4,13
0:01:47,2.35571E+16,[八一青年男篮],2,1
0:01:47,4.0445E+15,[男同志视频],9,5
0:01:47,7.03965E+15,[chinese+star+pinyin+software],1,6
0:01:47,5.43328E+15,[印尼排华是怎么回事],1,2
0:01:48,3.03547E+16,[天海丽BB+图],2,2
0:01:48,2.03544E+15,[link:www.17zf.cn],5,1
0:01:48,4.0294E+16,[肾虚+症状],1,4
0:01:48,9.87472E+15,[六六的博客],2,12
0:01:48,5.53672E+15,[谢霆锋+结婚],4,2
0:01:48,4.0294E+16,[肾虚+症状],1,5
0:01:48,8.99026E+15,[唐家山+地图],3,1
0:01:48,7.49161E+15,[功夫之王视频播放],32,15
0:01:48,8.79081E+15,[虚拟商品+加盟],2,23
0:01:48,2.08668E+16,[麦迪格眼镜],2,3
0:01:48,6.12686E+15,[忧伤乐曲],8,1
0:01:48,6.83132E+15,[51],1,4
0:01:48,4.83032E+15,[蔷薇红莲],8,3
0:01:48,8.72969E+15,[仙闭关],10,3
0:01:48,8.21815E+15,[唐家山堰塞湖],1,1
0:01:48,1.71785E+16,[最新谷歌地球中文版],1,1
0:01:48,2.93707E+15,[哄抢救灾物资],2,1
0:01:48,9.92137E+15,[尺寸链],42,61
0:01:48,1.49406E+16,[汶川地震原因],2,1
0:01:48,9.84414E+15,[吴法宪将军追悼会],2,11
0:01:48,6.12686E+15,[忧伤乐曲],8,2
0:01:49,6.5912E+15,[悲伤的歌],9,7
0:01:49,7.41692E+15,[遇到地震怎么办],1,1
0:01:49,1.78454E+16,[国泰君安],1,1
0:01:49,5.52455E+15,[地震带],6,12
0:01:49,2.91677E+16,[中华骏捷1.8],6,13
0:01:49,3.57996E+15,[site:17173.com+AION],1,1
0:01:49,4.39925E+15,[老飞度在北京],4,2
0:01:49,8.78968E+15,[tokyo+hot+n0240],21,6
0:01:49,7.1925E+14,[七界传说],19,5
0:01:49,4.66613E+15,[\聊],2,6
0:01:49,7.75811E+14,[最畅销+的pc游戏],8,16
0:01:49,1.04254E+15,[六合国税],7,17
0:01:49,6.91923E+15,[电影],3,3
0:01:49,3.21089E+16,[五月天],59,11
0:01:49,3.34781E+15,[土匪对女战俘的酷刑],3,37
0:01:49,8.8404E+15,[凤凰卫视],2,1
0:01:50,5.04286E+15,[link:www.taobaogc.com],3,1
0:01:50,6.73509E+15,[英语],1,1
0:01:50,6.73509E+15,[英语],1,2
0:01:50,8.07204E+15,[汶川地震原因],2,1
0:01:50,3.61185E+16,[gay],17,8
0:01:50,2.85791E+15,[封杀莎朗斯通],1,1
0:01:50,9.06474E+15,[大航海时代4++李华梅++详细],37,18
0:01:50,8.24835E+15,[163.],2,1
0:01:50,4.7902E+16,[汶川地震原因],2,2
0:01:50,2.09686E+15,[解放军高级将领名单],3,1
0:01:50,8.08943E+15,[小说],3,1
0:01:50,9.24848E+15,[北京市协和医院],2,3
0:01:50,9.47281E+15,[软件],7,13
0:01:50,7.26672E+15,[百度首页],1,10
0:01:51,3.57996E+15,[site:17173.com+AION],1,2
0:01:51,3.70386E+15,[庆六一优惠童装],1,3
0:01:51,3.16398E+15,[单机游戏卡丁车免费下载],4,2
0:01:51,3.57996E+15,[site:17173.com+AION],1,3
0:01:51,4.61127E+15,[姚明打架视频],1,3
0:01:51,9.16694E+15,[王菲李亚鹏近照],9,5
0:01:51,6.0942E+15,[3p],7,5
0:01:51,4.9494E+16,[醪糟鱼片],29,21
0:01:51,2.00196E+15,[建筑施工四级资质标准],7,18
0:01:51,8.71639E+15,[yearn铃声],1,7
0:01:51,9.72559E+15,[变装故事],9,22
0:01:51,5.12444E+15,[qq空间透明代码],2,4
0:01:51,2.70557E+15,[开车什么速度换档合适],7,14
0:01:51,1.61978E+16,[2008高考理综模拟试卷],38,75
0:01:51,6.90678E+15,[印尼排华是怎么回事],1,1
0:01:51,7.01876E+14,[李玉妹近况],6,19
0:01:51,6.36966E+15,[俄罗斯模特摄影],3,3
0:01:51,1.61978E+16,[2008高考理综模拟试卷],38,76
0:01:51,9.14442E+15,[蒙古国何时建立的],1,2
0:01:51,3.20259E+15,[gogle],1,1
0:01:52,9.46905E+15,[肯德基08年7月8月优惠券],2,3
0:01:52,9.79872E+15,[龚鑫茂],1,5
0:01:52,1.77385E+16,[天气预报],5,2
0:01:52,4.32812E+15,[淘宝,时装,女凉拖]
0:01:52,6.24203E+15,[扫地车报价],50,47
0:01:52,2.71914E+15,[240*320何炅壁纸],2,3
0:01:52,6.34325E+15,[资生堂手部去角质],2,9
0:01:52,9.10795E+15,[psp死神5],5,2
0:01:52,7.25622E+15,[雷锋高手论坛],4,6
0:01:52,1.30059E+15,[铁路国际旅行社],3,6
0:01:52,7.84288E+15,[校内网涂鸦板],1,5
0:01:52,4.89795E+15,[哄抢救灾物资],1,1
0:01:52,5.27349E+15,[哄抢救灾物资],3,2
0:01:52,7.78528E+15,[风云再起],1,7
0:01:52,2.09103E+15,[stockings+pics],15,12
0:01:53,2.69014E+15,[露jiji],9,27
0:01:53,5.53718E+15,[汶川地震原因],7,2
0:01:53,2.91677E+16,[中华骏捷1.8],8,15
0:01:53,3.92346E+15,[水晶饰品],1,1
0:01:53,9.6345E+15,[沈国放间谍案],1,11
0:01:53,9.55573E+14,[天生郭奉孝],142,27
0:01:53,8.56426E+14,[汶川地震原因],9,1
0:01:53,2.35643E+15,[东京镇魂歌漫画],6,2
0:01:53,5.54341E+15,[卷发虫],28,10
0:01:53,2.59575E+16,[医学电子书],4,2
0:01:53,1.5715E+15,[封杀莎朗斯通],1,1
0:01:53,7.46442E+15,[什么是达赖],1,2
0:01:53,1.29319E+16,[美军审讯越南女战俘],33,65
0:01:53,3.94302E+15,[花野真衣+bt],32,13
0:01:53,6.39624E+15,[忧伤的旋律+陈飞彤],1,2
0:01:53,2.91677E+16,[中华骏捷1.8],7,14
0:01:53,6.92953E+15,[蒙古国电视剧],5,4
0:01:53,7.41314E+15,[郭晶晶泳装图片],64,9
0:01:53,2.51239E+15,[拳皇2003隐藏人物版],2,26
0:01:54,5.85014E+15,[《劲舞团],3,2
0:01:54,7.69649E+15,[彩板房],9,9
0:01:54,9.41822E+15,[特种部队的大跳],10,7
0:01:54,3.40421E+16,[汉网],1,1
0:01:54,2.78861E+16,[18+girls],197,280
0:01:54,3.45619E+14,[地震前的汶川],4,5
0:01:54,1.12062E+16,[佛山钟胜辉],3,5
0:01:54,2.15332E+15,[44lian],2,16
0:01:54,6.23702E+15,[什么食物会危害大脑],2,1
0:01:54,2.91677E+16,[中华骏捷1.8],9,16
0:01:54,4.0445E+15,[男同志视频],10,6
0:01:54,7.89855E+15,[重生之狼行天下],1,7
0:01:54,3.61185E+16,[gay],19,9
0:01:54,1.23397E+16,[明锐+价格],3,3
0:01:54,1.51194E+16,[银监会],7,3
0:01:54,7.18628E+15,[芦荀],38,15
0:01:54,9.4513E+15,[港台三级电影在线观看],29,19
0:01:54,2.09103E+15,[stockings+pics],16,13
0:01:54,3.48617E+16,[韩真华],4,1
0:01:54,6.53209E+15,[rar],1,5
0:01:54,4.62556E+15,[baidu],1,1
0:01:54,4.73628E+15,[印尼排华图片],3,3
0:01:54,3.69173E+15,[哭泣的星空URL+MP3],3,6
0:01:54,6.0904E+15,[郭晶晶泳装图片],2,3
0:01:55,8.66135E+15,[建设雅马哈],1,3
0:01:55,9.4513E+15,[港台三级电影在线观看],29,20
0:01:55,7.94333E+15,[nudetube],198,16
0:01:55,1.91122E+16,[空间主人寄语],2,3
0:01:55,7.41174E+15,[鱼缸摆放风水],1,13
0:01:55,1.77385E+16,[天气预报],9,3
0:01:55,1.36794E+15,[度假网],63,11
0:01:55,9.27486E+15,[哄抢救灾物资],1,2
0:01:55,5.78811E+14,[http://lrz570924.blog.sohu.com/],2,2
0:01:55,1.16087E+16,[哄抢救灾物资],3,1
0:01:55,4.15347E+15,[igogo8.com],1,1
0:01:55,9.83262E+15,[翼豹],3,1
0:01:55,4.27802E+16,[李玟演唱会],2,3
0:01:55,3.42364E+16,[北川中学],3,4
0:01:55,9.93992E+15,[分娩],7,2
0:01:55,6.48631E+15,[金山毒霸],2,1
0:01:55,1.54533E+16,[97sese],2,2
0:01:55,5.2345E+15,[自然分娩全过程],3,18
